0;203;5.666666666666667
0;691;18.0
0;759;15.0
0;319;25.0
0;314;6.333333333333333
0;308;10.0
0;178;20.0
0;19;15.0
0;994;5.2
0;168;18.0
203;299;5.666666666666667
203;308;10.333333333333334
203;320;4.666666666666667
203;828;4.333333333333333
203;630;5.666666666666667
203;994;3.2857142857142856
203;250;4.666666666666667
203;875;19.0
691;91;16.0
691;299;20.0
691;308;10.0
691;369;13.0
691;730;13.0
691;826;16.0
691;828;4.666666666666667
691;974;15.0
759;19;14.0
759;87;18.0
759;109;14.0
759;250;15.0
759;308;30.0
759;314;17.0
759;582;16.0
319;3;25.0
319;19;24.0
319;79;58.0
319;114;26.0
319;250;7.666666666666667
319;299;27.0
319;308;35.0
319;314;27.0
319;930;7.0
319;627;7.666666666666667
319;369;22.0
319;980;22.0
319;855;8.666666666666666
319;993;21.0
319;974;23.0
319;582;24.0
319;958;25.0
314;87;7.0
314;175;21.0
314;308;10.666666666666666
314;342;36.0
314;826;19.0
314;582;6.333333333333333
314;730;17.0
314;930;16.0
314;699;20.0
314;994;4.666666666666667
308;3;10.333333333333334
308;19;9.666666666666666
308;87;10.666666666666666
308;120;32.0
308;141;35.0
308;166;42.0
308;175;33.0
308;299;10.666666666666666
308;369;9.666666666666666
308;738;30.0
308;361;10.0
308;828;7.5
308;855;33.0
308;826;31.0
308;320;7.25
308;974;30.0
308;980;31.0
308;975;9.333333333333334
308;799;37.0
308;582;10.333333333333334
308;994;3.0
178;18;10.0
178;35;23.0
178;52;10.666666666666666
178;78;16.0
178;166;20.0
178;800;3.8
178;421;19.0
178;557;12.666666666666666
178;356;17.0
19;828;4.333333333333333
19;738;11.0
19;71;28.0
19;175;16.0
994;3;6.5
994;18;45.0
994;87;3.5714285714285716
994;235;6.0
994;251;26.0
994;299;3.125
994;306;27.0
994;320;3.8333333333333335
994;361;5.75
994;369;7.666666666666667
994;511;5.75
994;549;25.0
994;582;4.166666666666667
994;627;8.0
994;630;5.0
168;145;1.8333333333333333
168;163;4.75
168;661;3.25
168;444;2.0
168;346;2.75
168;949;13.0
168;427;3.6
1;444;14.0
1;756;12.0
1;633;5.0
1;202;17.0
1;613;4.0
1;428;16.0
1;211;5.666666666666667
1;734;5.333333333333333
1;94;17.0
444;145;3.0
444;346;3.0
444;427;6.0
756;312;13.0
756;328;12.0
633;491;3.6666666666666665
633;924;12.0
633;932;5.333333333333333
633;734;5.666666666666667
633;726;17.0
633;685;53.0
202;645;5.666666666666667
202;932;15.0
202;328;15.0
202;279;19.0
202;972;3.6666666666666665
202;857;4.333333333333333
202;479;4.0
613;211;2.0
613;932;4.666666666666667
613;857;3.3333333333333335
613;734;4.666666666666667
428;234;33.0
428;312;5.0
428;810;5.75
428;915;14.0
428;864;25.0
428;611;4.0
211;94;4.0
211;932;3.2
211;645;3.8
211;396;2.142857142857143
211;328;2.142857142857143
211;972;4.666666666666667
211;840;19.0
211;857;5.333333333333333
211;734;3.2
734;94;15.0
734;206;15.0
734;328;5.333333333333333
734;396;5.0
734;479;16.0
734;516;22.0
734;645;19.0
94;932;16.0
94;206;4.666666666666667
94;479;15.0
94;924;4.666666666666667
94;328;5.0
94;396;4.666666666666667
94;133;19.0
2;331;12.0
2;513;13.0
2;496;13.0
2;544;3.3333333333333335
2;21;15.0
2;906;4.333333333333333
331;105;4.333333333333333
331;310;3.2
331;959;13.0
331;956;4.333333333333333
331;471;5.666666666666667
513;251;13.0
513;375;14.0
513;401;17.0
513;728;14.0
513;597;15.0
513;544;14.0
513;914;13.0
496;20;2.8333333333333335
496;375;4.0
496;401;5.333333333333333
496;440;4.25
496;794;4.0
496;544;4.333333333333333
496;583;17.0
544;20;4.5
544;125;13.0
544;241;5.333333333333333
544;906;4.333333333333333
21;626;5.0
21;517;4.5
21;332;14.0
21;728;14.0
21;416;19.0
21;42;7.666666666666667
21;81;16.0
21;490;19.0
906;241;15.0
906;251;13.0
906;375;14.0
906;546;13.0
906;590;14.0
906;597;14.0
3;421;19.0
3;826;5.0
3;320;4.666666666666667
3;236;19.0
3;974;4.0
3;338;4.5
421;73;15.0
421;90;15.0
421;117;17.0
421;245;18.0
421;358;19.0
421;557;13.0
421;423;6.333333333333333
421;476;17.0
826;40;21.0
826;87;5.666666666666667
826;231;16.0
826;338;4.25
320;299;5.666666666666667
320;725;15.0
320;974;13.0
320;975;3.0
236;174;24.0
236;706;6.666666666666667
236;352;18.0
236;578;5.0
236;807;19.0
236;501;18.0
236;933;20.0
236;809;21.0
236;317;16.0
974;338;5.666666666666667
974;530;13.0
338;87;6.333333333333333
338;235;18.0
338;299;22.0
338;738;16.0
338;980;16.0
338;855;21.0
338;914;16.0
338;993;14.0
4;899;7.0
4;135;24.0
4;963;22.0
4;57;7.666666666666667
4;724;35.0
4;741;6.333333333333333
4;677;30.0
4;186;7.333333333333333
4;763;5.666666666666667
4;367;20.0
4;577;20.0
4;911;6.333333333333333
4;116;8.5
4;170;20.0
899;38;6.25
899;116;10.666666666666666
899;186;3.8
899;229;17.0
899;382;27.0
899;387;20.0
899;394;3.25
899;488;6.333333333333333
135;643;21.0
135;142;25.0
135;225;5.666666666666667
135;879;31.0
135;625;20.0
135;808;18.0
135;690;22.0
135;677;9.0
135;186;22.0
135;459;19.0
135;724;31.0
135;382;27.0
963;38;27.0
963;85;15.0
963;193;14.0
963;229;16.0
963;303;18.0
963;382;27.0
963;488;19.0
57;902;16.0
57;142;24.0
57;911;6.333333333333333
57;354;21.0
57;488;21.0
57;247;17.0
57;601;16.0
57;923;18.0
57;724;32.0
57;879;32.0
724;38;13.0
724;116;13.333333333333334
724;142;10.666666666666666
724;186;35.0
724;225;10.0
724;226;32.0
724;238;36.0
724;247;10.0
724;305;10.333333333333334
724;354;11.333333333333334
724;364;11.0
724;367;7.5
724;382;35.0
724;394;30.0
724;459;10.0
724;488;34.0
724;586;5.833333333333333
724;594;32.0
724;595;32.0
724;601;10.333333333333334
724;625;10.666666666666666
724;643;11.0
724;677;8.5
724;683;3.6
741;116;7.75
741;266;11.0
741;382;6.25
741;569;14.0
741;683;9.0
677;38;36.0
677;116;12.333333333333334
677;142;7.5
677;186;27.0
677;225;2.5555555555555554
677;305;8.666666666666666
677;354;28.0
677;382;7.5
677;488;9.333333333333334
677;594;6.5
677;595;27.0
677;868;24.0
677;879;9.0
677;683;3.090909090909091
677;911;8.666666666666666
677;836;30.0
677;876;25.0
677;725;8.333333333333334
186;38;7.25
186;911;20.0
186;488;7.0
186;957;5.0
186;715;21.0
186;879;35.0
186;363;21.0
186;548;20.0
763;116;10.0
763;298;12.0
763;595;13.0
367;116;31.0
367;643;4.25
367;683;5.4
367;879;7.5
367;382;8.333333333333334
367;520;15.0
577;386;25.0
577;991;10.0
577;777;11.0
577;700;22.0
577;996;11.0
911;53;21.0
911;116;34.0
911;226;5.0
911;493;19.0
911;683;7.25
116;38;13.0
116;459;32.0
116;394;10.0
116;247;10.333333333333334
116;382;12.0
116;364;33.0
116;808;32.0
116;142;38.0
116;725;32.0
116;354;11.0
116;879;13.666666666666666
116;625;33.0
116;868;10.0
116;225;10.333333333333334
116;586;4.125
116;685;73.0
116;727;34.0
116;891;29.0
116;258;36.0
170;5;4.0
170;330;4.666666666666667
170;231;3.0
170;540;14.0
170;196;15.0
5;84;18.0
5;196;5.333333333333333
5;271;4.333333333333333
5;155;4.666666666666667
5;330;4.666666666666667
5;231;2.8
5;948;37.0
5;303;2.3333333333333335
84;901;17.0
84;844;17.0
84;723;14.0
84;967;15.0
84;599;5.666666666666667
84;864;6.25
84;100;4.666666666666667
84;830;21.0
196;151;4.333333333333333
196;155;5.0
196;540;2.8
196;271;5.0
196;272;5.333333333333333
196;524;4.666666666666667
196;981;18.0
196;214;17.0
196;303;2.2857142857142856
271;155;3.6666666666666665
271;221;14.0
271;330;5.0
271;524;12.0
271;303;1.8571428571428572
271;353;4.333333333333333
155;443;40.0
155;524;12.0
155;330;5.333333333333333
155;272;5.0
155;303;1.625
155;353;4.333333333333333
330;214;19.0
330;231;3.0
330;303;3.2
330;517;21.0
330;607;16.0
330;989;16.0
231;124;14.0
231;725;15.0
231;353;5.0
231;303;3.0
948;53;36.0
948;79;16.0
948;102;11.0
948;139;11.666666666666666
948;161;11.0
948;172;11.0
948;201;11.333333333333334
948;223;10.666666666666666
948;245;11.333333333333334
948;264;36.0
948;280;34.0
948;301;10.666666666666666
948;339;11.333333333333334
948;347;32.0
948;362;11.333333333333334
948;473;11.0
948;505;35.0
948;515;12.0
948;542;11.666666666666666
948;579;11.0
948;591;10.333333333333334
948;612;11.0
948;617;32.0
948;622;10.666666666666666
948;685;2.4545454545454546
948;687;11.0
948;705;10.666666666666666
303;272;2.6666666666666665
303;540;4.25
303;353;2.3333333333333335
6;791;3.6666666666666665
6;881;4.0
6;419;3.6666666666666665
6;61;4.666666666666667
6;283;12.0
6;953;11.0
791;61;3.25
791;317;3.6666666666666665
791;481;23.0
791;503;3.0
791;555;14.0
881;249;3.3333333333333335
881;323;10.0
881;324;19.0
881;326;12.0
881;419;2.75
881;648;14.0
419;249;3.6666666666666665
419;295;20.0
419;578;12.0
419;764;11.0
61;551;16.0
61;894;19.0
61;648;3.2
61;249;4.666666666666667
61;764;4.333333333333333
61;503;3.75
61;362;17.0
283;382;27.0
283;874;14.0
283;403;23.0
283;480;13.0
283;286;13.0
953;317;3.0
953;323;10.0
953;326;3.0
953;503;2.75
7;129;6.333333333333333
7;624;6.333333333333333
7;790;6.666666666666667
7;140;2.2857142857142856
7;345;3.4
7;493;5.666666666666667
7;123;6.666666666666667
7;797;6.333333333333333
7;255;7.0
7;658;18.0
7;165;22.0
7;377;6.0
7;783;17.0
129;93;6.0
129;493;18.0
129;345;3.4
129;255;21.0
129;797;6.0
129;737;19.0
129;520;16.0
129;790;6.333333333333333
129;377;5.333333333333333
129;506;16.0
129;450;18.0
624;93;6.0
624;123;18.0
624;289;4.0
624;345;3.4
624;377;5.666666666666667
624;415;22.0
624;486;17.0
624;493;18.0
624;790;6.666666666666667
624;739;3.75
624;658;5.333333333333333
790;93;19.0
790;140;3.0
790;255;22.0
790;337;21.0
790;345;3.6
790;377;19.0
790;486;19.0
790;493;6.333333333333333
790;506;6.0
790;520;6.0
790;658;6.666666666666667
790;694;26.0
140;115;12.0
140;123;3.2
140;520;3.25
140;493;3.0
140;345;3.5
140;255;3.8
345;93;4.0
345;902;14.0
345;429;16.0
493;255;6.666666666666667
493;377;16.0
493;482;20.0
493;739;15.0
123;41;18.0
123;93;20.0
123;658;5.0
123;520;5.666666666666667
123;289;5.0
123;739;3.5
123;610;19.0
123;255;6.666666666666667
797;89;14.0
797;217;17.0
797;255;7.0
797;377;4.25
797;471;22.0
797;486;5.0
797;709;43.0
255;79;56.0
255;93;21.0
255;289;6.333333333333333
255;739;4.5
255;486;6.333333333333333
255;658;4.5
255;506;6.0
255;497;38.0
658;289;3.0
658;506;2.8
658;739;2.0
658;958;17.0
165;17;18.0
165;26;3.0
165;136;2.6666666666666665
165;635;15.0
165;538;4.25
165;825;2.3333333333333335
165;295;3.1666666666666665
165;701;3.0
377;93;18.0
377;289;5.666666666666667
377;520;15.0
377;814;17.0
783;20;5.333333333333333
783;401;4.333333333333333
783;546;8.0
8;903;4.0
8;309;3.6666666666666665
8;806;3.3333333333333335
8;403;6.0
8;792;4.333333333333333
8;98;3.5
8;755;4.333333333333333
903;40;21.0
903;98;3.625
903;278;4.0
903;309;4.333333333333333
903;403;6.666666666666667
903;484;4.333333333333333
903;696;3.6666666666666665
309;98;3.625
309;403;6.666666666666667
309;792;4.333333333333333
309;623;3.6666666666666665
309;893;4.333333333333333
309;900;17.0
806;49;13.0
806;98;7.5
806;403;6.666666666666667
806;612;14.0
403;82;26.0
403;98;2.5384615384615383
403;213;26.0
403;408;24.0
403;917;7.0
403;893;7.0
403;484;7.666666666666667
403;492;6.666666666666667
403;696;6.333333333333333
403;755;7.333333333333333
403;836;26.0
403;792;7.333333333333333
792;49;17.0
792;56;18.0
792;98;3.75
792;286;5.0
792;492;4.666666666666667
792;623;4.0
98;913;35.0
98;465;40.0
98;865;30.0
98;119;5.8
98;696;4.833333333333333
98;922;10.666666666666666
98;793;9.666666666666666
98;871;7.5
98;634;6.2
98;278;6.0
98;917;4.833333333333333
98;926;7.5
98;492;4.142857142857143
98;484;4.428571428571429
98;893;6.2
98;623;7.5
98;286;5.0
98;775;35.0
98;852;34.0
98;918;34.0
98;755;4.285714285714286
755;49;16.0
755;119;4.0
755;276;15.0
755;286;4.666666666666667
755;492;4.333333333333333
9;227;12.0
9;216;3.6666666666666665
9;555;14.0
9;570;16.0
9;487;14.0
9;405;19.0
9;632;4.333333333333333
227;215;16.0
227;555;13.0
227;945;12.0
227;982;10.0
227;629;12.0
216;127;15.0
216;920;4.666666666666667
216;632;2.75
216;570;14.0
216;609;11.0
555;664;11.0
555;920;5.333333333333333
555;610;15.0
555;583;5.333333333333333
555;765;14.0
570;71;9.666666666666666
570;114;16.0
570;324;22.0
570;945;16.0
570;609;15.0
570;629;16.0
570;727;16.0
570;807;6.0
487;215;15.0
487;276;3.0
487;897;10.0
487;920;15.0
487;945;12.0
487;681;10.333333333333334
405;183;17.0
405;185;26.0
405;282;6.0
405;284;3.8
405;294;6.0
405;323;18.0
405;335;3.75
405;373;5.333333333333333
405;654;5.666666666666667
405;645;25.0
405;805;5.333333333333333
632;354;19.0
632;363;15.0
632;583;5.0
632;920;3.75
632;786;15.0
10;385;6.0
10;430;3.75
10;324;6.333333333333333
10;768;3.5714285714285716
10;690;19.0
10;395;7.333333333333333
10;22;4.666666666666667
10;292;6.0
10;569;15.0
10;885;17.0
385;32;5.5
385;287;19.0
385;292;5.0
385;324;6.666666666666667
385;768;2.888888888888889
385;769;4.0
385;554;4.666666666666667
385;653;6.0
385;550;19.0
385;395;8.0
385;861;16.0
430;32;4.4
430;261;3.25
430;366;4.666666666666667
430;395;4.2
430;768;3.2857142857142856
430;896;12.0
324;32;8.666666666666666
324;141;6.0
324;768;3.375
324;653;6.333333333333333
324;983;20.0
324;366;6.0
324;885;20.0
324;815;32.0
768;22;4.333333333333333
768;32;2.25
768;111;6.0
768;141;4.166666666666667
768;243;5.0
768;261;4.0
768;270;5.2
768;292;2.5
768;366;2.875
768;368;4.0
768;391;30.0
768;395;1.9230769230769231
768;435;32.0
768;554;3.142857142857143
768;576;4.166666666666667
768;653;2.090909090909091
768;704;6.25
690;189;5.5
690;197;17.0
690;581;6.666666666666667
690;585;4.666666666666667
690;627;15.0
690;777;4.333333333333333
690;700;8.0
395;22;7.333333333333333
395;32;8.333333333333334
395;111;6.666666666666667
395;141;7.666666666666667
395;243;7.0
395;246;38.0
395;302;26.0
395;368;7.333333333333333
395;653;7.333333333333333
395;569;21.0
395;704;7.0
395;554;6.0
395;576;7.666666666666667
22;653;6.0
22;567;16.0
22;292;6.0
22;569;14.0
22;885;17.0
22;585;15.0
292;32;7.666666666666667
292;141;6.0
292;261;6.0
292;769;4.666666666666667
292;569;17.0
292;366;5.666666666666667
292;368;5.0
292;835;20.0
569;32;7.666666666666667
569;243;14.0
569;287;5.0
885;243;15.0
885;261;16.0
885;270;14.0
885;287;17.0
885;576;16.0
885;625;18.0
11;262;14.0
11;299;19.0
11;389;3.75
11;397;5.0
11;108;15.0
11;13;12.0
11;157;4.666666666666667
262;15;15.0
262;109;11.0
262;187;12.0
262;205;12.0
262;350;11.0
262;424;11.0
299;87;7.0
299;250;16.0
299;511;5.333333333333333
299;582;6.333333333333333
389;152;16.0
389;157;3.5
389;208;5.333333333333333
389;269;4.666666666666667
389;657;23.0
389;816;15.0
389;929;27.0
389;397;3.75
389;547;2.1666666666666665
397;13;4.333333333333333
397;152;5.0
397;157;4.333333333333333
397;208;4.666666666666667
397;263;2.6666666666666665
397;269;4.333333333333333
397;775;15.0
397;547;3.25
397;490;23.0
108;58;5.25
108;900;5.333333333333333
108;956;5.333333333333333
108;959;4.666666666666667
108;720;4.333333333333333
108;752;3.6666666666666665
108;497;3.7142857142857144
13;263;3.25
13;269;13.0
13;708;13.0
13;208;4.666666666666667
13;157;12.0
157;152;15.0
157;269;4.333333333333333
157;208;4.666666666666667
157;547;3.25
157;263;3.75
157;586;22.0
12;244;21.0
12;321;9.333333333333334
12;985;5.666666666666667
12;460;6.0
12;733;7.0
12;212;6.333333333333333
12;742;10.0
12;870;7.333333333333333
12;871;19.0
12;785;9.333333333333334
12;709;10.25
12;465;7.666666666666667
12;596;3.5454545454545454
12;648;24.0
244;33;3.0
244;662;3.0
244;998;4.0
244;976;4.666666666666667
244;908;12.0
244;254;2.75
321;127;27.0
321;221;7.666666666666667
321;265;9.333333333333334
321;999;25.0
321;830;10.0
321;381;25.0
321;460;8.333333333333334
321;415;9.0
321;985;7.666666666666667
321;733;8.0
321;785;10.333333333333334
321;628;9.0
321;709;9.75
321;753;7.333333333333333
321;374;8.333333333333334
321;717;8.0
321;603;27.0
321;565;42.0
321;596;2.7333333333333334
985;327;10.0
985;537;8.0
985;709;7.2
460;34;33.0
460;685;54.0
460;809;5.0
460;709;12.0
460;465;16.0
460;596;6.0
733;70;18.0
733;184;19.0
733;192;6.333333333333333
733;265;7.666666666666667
733;415;5.666666666666667
733;596;4.625
733;628;5.666666666666667
212;34;10.333333333333334
212;785;7.333333333333333
212;537;7.666666666666667
212;830;5.666666666666667
212;596;4.5
212;742;7.666666666666667
212;999;14.0
742;34;12.0
742;99;7.0
742;127;25.0
742;162;7.666666666666667
742;192;8.666666666666666
742;235;27.0
742;265;9.0
742;313;29.0
742;357;7.333333333333333
742;374;8.0
742;381;23.0
742;415;8.333333333333334
742;472;25.0
742;537;10.0
742;587;8.333333333333334
742;596;2.6666666666666665
742;709;13.666666666666666
870;34;8.5
870;112;43.0
870;127;4.25
870;374;5.666666666666667
870;393;24.0
870;465;4.75
870;587;6.333333333333333
870;596;4.75
870;628;6.0
871;81;13.0
871;119;3.0
871;634;3.6666666666666665
785;34;12.333333333333334
785;126;32.0
785;127;23.0
785;132;35.0
785;162;8.0
785;221;6.666666666666667
785;265;9.333333333333334
785;357;7.0
785;374;7.333333333333333
785;470;8.0
785;537;10.0
785;543;27.0
785;596;2.857142857142857
785;598;24.0
785;709;14.0
709;34;14.333333333333334
709;58;49.0
709;59;51.0
709;99;11.666666666666666
709;162;12.0
709;192;12.666666666666666
709;221;12.0
709;260;58.0
709;265;12.666666666666666
709;350;39.0
709;374;12.333333333333334
709;381;36.0
709;415;12.666666666666666
709;465;12.666666666666666
709;470;12.0
709;537;10.0
709;587;13.0
709;596;1.6923076923076923
709;628;13.0
709;745;12.0
709;753;11.666666666666666
709;809;12.666666666666666
709;761;12.0
709;999;37.0
709;717;11.666666666666666
709;830;13.0
709;836;43.0
465;34;32.0
465;99;5.666666666666667
465;127;6.333333333333333
465;537;8.666666666666666
465;809;6.333333333333333
465;717;5.666666666666667
465;830;7.0
465;596;3.7
596;34;2.0
596;99;3.888888888888889
596;162;3.6
596;192;4.222222222222222
596;221;6.0
596;265;3.0
596;357;6.0
596;374;4.5
596;404;13.333333333333334
596;415;4.111111111111111
596;470;3.6
596;483;13.333333333333334
596;537;2.2941176470588234
596;587;4.222222222222222
596;839;37.0
596;809;4.875
596;830;3.8
596;717;4.375
596;745;9.0
596;753;7.0
596;761;9.0
596;628;4.111111111111111
596;804;40.0
596;941;40.0
648;138;15.0
648;249;4.333333333333333
648;317;4.666666666666667
648;323;13.0
648;326;4.333333333333333
648;503;3.0
648;764;4.666666666666667
263;33;19.0
263;152;4.0
263;208;2.142857142857143
263;595;18.0
263;550;16.0
263;290;4.333333333333333
269;152;14.0
269;208;4.333333333333333
269;981;16.0
269;775;4.333333333333333
269;547;1.5714285714285714
708;422;5.333333333333333
708;688;36.0
708;779;26.0
708;915;13.0
708;834;5.666666666666667
208;152;5.0
208;547;2.4
208;775;14.0
208;290;3.25
208;539;24.0
14;908;12.0
14;103;11.0
14;976;15.0
14;998;13.0
14;949;13.0
14;989;12.0
908;33;15.0
908;50;5.0
908;429;3.0
908;468;4.0
103;50;15.0
103;267;12.0
103;662;12.0
103;786;13.0
976;33;15.0
976;267;4.666666666666667
976;333;15.0
976;429;17.0
976;532;17.0
976;662;4.666666666666667
976;710;5.333333333333333
998;33;4.666666666666667
998;50;5.0
998;154;15.0
998;164;14.0
998;254;2.0
949;163;6.0
949;291;3.5
949;427;5.666666666666667
949;434;3.3333333333333335
949;684;4.0
989;167;5.666666666666667
989;462;4.0
989;553;13.0
989;707;14.0
15;256;3.75
15;63;4.333333333333333
15;27;5.0
15;109;4.333333333333333
15;424;4.0
15;195;3.5
15;913;14.0
15;237;17.0
15;793;13.0
256;27;5.0
256;49;15.0
256;109;4.0
256;664;10.0
256;350;12.0
256;383;14.0
63;27;3.6666666666666665
63;58;21.0
63;195;1.6666666666666667
63;187;3.0
63;913;3.6666666666666665
27;195;2.4
27;913;14.0
27;187;4.0
27;205;4.666666666666667
27;181;15.0
27;587;20.0
109;424;10.0
109;766;12.0
424;195;3.0
424;913;4.0
424;579;13.0
195;187;2.75
195;913;3.0
195;200;18.0
195;205;4.333333333333333
913;350;13.0
913;664;11.0
237;234;10.666666666666666
237;779;24.0
237;681;29.0
237;810;4.6
237;425;3.6666666666666665
237;325;7.0
793;634;3.0
16;846;23.0
16;758;15.0
16;549;16.0
16;536;6.666666666666667
16;726;19.0
16;340;19.0
16;435;21.0
16;979;18.0
16;864;9.0
16;77;29.0
846;148;9.333333333333334
846;150;21.0
846;188;5.75
846;198;19.0
846;296;21.0
846;494;5.75
846;512;23.0
846;543;6.666666666666667
846;561;6.333333333333333
846;657;25.0
846;666;4.6
846;688;9.75
758;150;15.0
758;156;24.0
758;248;11.0
758;568;11.0
549;776;10.0
549;876;10.0
549;751;16.0
549;678;17.0
536;23;24.0
536;44;22.0
536;176;18.0
536;379;17.0
536;476;5.333333333333333
536;901;18.0
536;864;6.75
536;844;18.0
536;751;21.0
536;917;17.0
726;228;6.0
726;340;18.0
726;372;15.0
726;390;29.0
726;463;18.0
726;476;16.0
726;605;5.333333333333333
726;637;15.0
340;23;5.5
340;228;6.333333333333333
340;640;4.5
340;390;7.0
340;961;4.0
340;967;2.8
340;979;16.0
340;987;20.0
340;751;4.75
435;62;27.0
435;281;22.0
435;322;6.666666666666667
435;387;20.0
435;532;19.0
435;556;6.0
435;719;7.666666666666667
435;849;3.5
435;510;3.8
979;23;7.0
979;228;6.0
979;390;30.0
979;589;15.0
979;599;17.0
979;605;3.5
979;637;14.0
864;100;7.666666666666667
864;228;5.6
864;325;36.0
864;378;4.4
864;390;4.0
864;398;7.0
864;463;6.25
864;476;5.75
864;599;6.25
864;604;27.0
864;605;8.0
864;637;5.75
864;640;6.75
864;707;26.0
77;62;9.333333333333334
77;580;3.0
77;92;7.0
77;718;22.0
77;132;28.0
77;480;7.333333333333333
77;556;25.0
77;719;28.0
77;441;8.666666666666666
77;502;26.0
77;391;25.0
77;343;22.0
77;83;9.0
77;472;23.0
77;387;8.0
77;464;7.333333333333333
77;982;23.0
77;884;24.0
17;67;5.666666666666667
17;608;3.5
17;620;4.666666666666667
17;437;3.0
17;955;16.0
17;152;19.0
17;918;4.666666666666667
17;921;2.6
67;281;17.0
67;918;16.0
67;880;13.0
67;912;17.0
67;514;30.0
67;921;5.333333333333333
67;955;18.0
67;814;18.0
67;519;20.0
67;121;16.0
608;281;16.0
608;437;4.0
608;912;13.0
608;918;4.0
608;628;17.0
608;829;12.0
620;159;12.0
620;281;5.0
620;921;2.75
620;865;9.0
620;943;30.0
437;977;10.0
437;451;3.25
437;921;2.75
437;955;4.333333333333333
955;149;14.0
955;159;4.666666666666667
955;281;5.666666666666667
955;388;19.0
955;451;3.0
955;665;24.0
152;489;27.0
152;775;15.0
152;514;29.0
918;159;4.0
918;281;4.666666666666667
918;451;3.5
921;281;3.75
921;451;3.5
921;529;18.0
18;117;31.0
18;75;9.666666666666666
18;35;12.333333333333334
18;365;29.0
18;557;14.0
18;803;10.0
18;962;30.0
18;678;32.0
18;679;11.0
18;887;9.333333333333334
18;78;30.0
18;800;11.0
18;166;11.0
18;423;5.333333333333333
18;52;12.333333333333334
18;458;31.0
18;224;7.5
18;358;32.0
18;115;29.0
18;467;8.0
18;799;36.0
18;578;31.0
18;282;35.0
18;210;34.0
117;52;9.666666666666666
117;803;14.0
117;680;3.3333333333333335
117;557;12.0
117;721;4.333333333333333
117;342;8.666666666666666
75;557;12.333333333333334
75;964;4.666666666666667
75;365;12.0
75;423;2.8
75;665;22.0
75;358;14.0
35;224;3.3333333333333335
35;954;4.75
35;840;6.666666666666667
35;73;21.0
35;825;25.0
35;166;8.666666666666666
35;680;9.333333333333334
35;557;13.666666666666666
35;467;3.6666666666666665
35;342;35.0
35;943;13.0
35;443;46.0
35;472;22.0
35;343;23.0
365;52;29.0
365;342;27.0
365;679;21.0
365;557;37.0
365;641;14.0
557;52;13.0
557;53;47.0
557;73;12.333333333333334
557;78;38.0
557;90;12.333333333333334
557;166;13.0
557;224;7.6
557;342;13.0
557;349;12.0
557;358;12.333333333333334
557;418;13.0
557;423;4.222222222222222
557;434;41.0
557;458;39.0
557;467;5.285714285714286
557;679;12.666666666666666
557;964;12.333333333333334
557;678;12.666666666666666
557;962;12.666666666666666
557;680;5.0
557;840;12.666666666666666
557;954;9.25
557;887;12.0
557;721;7.4
557;803;12.333333333333334
557;800;7.8
557;706;46.0
557;573;45.0
803;52;9.666666666666666
803;240;15.0
803;342;9.0
803;418;17.0
803;423;2.6666666666666665
803;467;19.0
803;679;23.0
962;52;9.666666666666666
962;146;17.0
962;332;14.0
962;678;4.666666666666667
962;679;7.0
962;680;3.3333333333333335
678;52;10.333333333333334
678;180;18.0
678;358;5.666666666666667
678;679;7.666666666666667
678;721;5.666666666666667
678;680;2.625
678;964;17.0
679;52;10.333333333333334
679;78;22.0
679;166;8.666666666666666
679;224;4.6
679;342;31.0
679;467;4.6
679;468;25.0
679;680;5.4
679;964;23.0
679;840;7.333333333333333
679;800;26.0
679;987;31.0
887;52;28.0
887;342;8.333333333333334
887;467;3.0
78;166;6.333333333333333
78;941;15.0
78;467;5.666666666666667
78;342;29.0
78;537;29.0
800;52;6.2
800;199;20.0
800;333;18.0
800;342;10.0
800;349;2.3333333333333335
800;358;19.0
800;418;3.6
800;479;19.0
166;52;33.0
166;349;19.0
166;458;20.0
166;680;8.666666666666666
166;964;22.0
166;467;2.75
166;674;40.0
166;889;20.0
423;52;4.428571428571429
423;342;4.833333333333333
423;964;2.6666666666666665
423;686;15.0
423;973;19.0
52;90;30.0
52;342;11.666666666666666
52;349;9.0
52;418;10.333333333333334
52;954;10.0
52;224;7.5
52;115;29.0
52;458;30.0
52;680;7.0
52;272;36.0
52;185;40.0
52;964;10.0
52;840;31.0
458;45;17.0
458;342;29.0
458;838;15.0
458;983;16.0
224;954;2.2
224;812;15.0
224;943;10.333333333333334
358;342;9.666666666666666
358;964;16.0
358;680;4.6
358;992;12.0
115;721;12.0
467;342;5.6
467;840;2.8333333333333335
467;954;4.25
467;680;3.4285714285714284
467;956;22.0
799;148;4.8
799;318;4.0
799;539;7.0
799;560;4.75
799;631;8.5
799;657;23.0
799;688;12.333333333333334
799;693;5.333333333333333
578;210;13.0
578;260;9.333333333333334
578;706;3.75
282;86;15.0
282;654;13.0
282;335;12.0
282;729;13.0
282;436;13.0
282;284;5.0
282;559;15.0
210;25;21.0
210;260;29.0
210;656;19.0
210;807;5.0
210;533;5.0
210;485;14.0
210;246;27.0
828;250;4.0
828;471;19.0
738;175;13.0
738;272;15.0
71;134;27.0
71;260;35.0
71;656;7.0
71;824;6.25
71;327;25.0
71;638;8.333333333333334
71;829;23.0
71;639;26.0
71;371;8.0
71;711;24.0
71;439;27.0
71;807;8.333333333333334
71;298;26.0
71;501;8.333333333333334
71;174;9.333333333333334
71;715;28.0
71;246;34.0
71;492;27.0
175;930;14.0
175;630;4.25
175;190;16.0
175;855;6.333333333333333
175;235;5.333333333333333
175;511;15.0
20;765;19.0
20;401;1.8888888888888888
20;251;3.4
20;597;2.8333333333333335
20;241;2.25
20;375;2.6666666666666665
20;890;3.5
20;590;4.25
20;845;18.0
20;440;2.111111111111111
765;144;16.0
765;268;18.0
765;565;8.666666666666666
765;707;4.333333333333333
401;241;6.0
401;251;5.0
401;375;4.333333333333333
401;590;5.0
401;546;15.0
401;838;18.0
401;440;6.333333333333333
251;241;4.666666666666667
251;597;3.6666666666666665
597;241;5.0
597;398;20.0
597;440;6.0
597;890;3.0
241;961;18.0
241;794;5.0
241;440;4.75
241;375;4.666666666666667
241;571;18.0
375;440;5.333333333333333
890;440;4.666666666666667
590;440;5.666666666666667
590;668;17.0
590;922;12.0
845;235;13.0
845;337;11.0
845;663;3.6666666666666665
845;670;3.3333333333333335
440;294;20.0
440;344;29.0
440;565;35.0
440;794;4.0
440;836;22.0
626;277;17.0
626;307;16.0
626;438;14.0
626;490;19.0
626;517;6.0
626;837;14.0
626;743;15.0
517;42;4.0
517;51;4.5
517;55;4.6
517;300;3.75
517;878;14.0
517;735;4.75
517;674;6.6
517;973;3.4
332;307;16.0
332;934;4.333333333333333
332;831;14.0
332;490;5.333333333333333
728;42;21.0
728;279;16.0
728;474;15.0
728;674;29.0
416;96;18.0
416;182;17.0
416;344;23.0
416;665;23.0
416;448;18.0
416;900;18.0
416;959;17.0
416;471;20.0
416;831;18.0
42;676;22.0
42;894;25.0
42;674;11.666666666666666
42;860;20.0
42;55;9.666666666666666
42;81;23.0
42;744;20.0
42;754;21.0
42;477;7.333333333333333
42;58;32.0
42;89;21.0
42;735;6.25
42;867;19.0
42;743;22.0
81;674;31.0
81;888;13.0
81;126;21.0
81;602;13.0
81;249;14.0
490;51;20.0
490;101;20.0
490;279;22.0
490;456;19.0
490;795;19.0
490;934;6.333333333333333
490;659;25.0
490;822;20.0
653;32;7.666666666666667
653;243;5.333333333333333
653;261;5.666666666666667
653;366;5.666666666666667
653;554;4.333333333333333
653;745;15.0
567;45;3.5
567;95;6.333333333333333
567;220;4.333333333333333
567;351;14.0
567;447;13.0
567;751;17.0
585;107;18.0
585;147;16.0
585;386;23.0
585;581;5.333333333333333
23;901;21.0
23;390;32.0
23;970;19.0
23;599;22.0
23;476;20.0
23;605;7.333333333333333
23;242;18.0
23;967;6.666666666666667
23;961;6.333333333333333
23;398;25.0
23;844;22.0
23;666;29.0
23;987;24.0
901;47;16.0
901;390;30.0
901;398;17.0
901;640;17.0
901;685;54.0
390;198;31.0
390;228;10.333333333333334
390;242;28.0
390;310;38.0
390;351;31.0
390;372;9.666666666666666
390;378;9.333333333333334
390;640;10.0
390;463;10.0
390;637;9.333333333333334
390;476;9.333333333333334
390;987;10.0
390;398;10.0
390;967;9.0
390;884;29.0
390;876;29.0
390;499;37.0
390;857;31.0
390;961;9.333333333333334
970;228;16.0
970;503;11.0
599;156;28.0
599;378;4.333333333333333
599;961;14.0
599;876;13.0
599;987;20.0
476;961;12.0
605;228;3.4
605;525;16.0
605;776;11.0
242;844;12.0
242;987;16.0
242;684;13.0
967;463;14.0
967;640;5.0
961;378;12.0
398;351;18.0
398;640;6.0
398;822;22.0
398;987;22.0
398;751;21.0
398;884;16.0
398;621;21.0
844;153;14.0
844;351;15.0
844;637;15.0
844;640;19.0
666;148;4.333333333333333
666;158;7.666666666666667
666;188;5.5
666;274;2.5
666;396;22.0
666;518;5.25
666;539;5.75
666;688;7.0
666;863;18.0
666;946;4.0
666;746;5.75
987;100;19.0
987;228;7.666666666666667
987;298;21.0
987;372;4.5
987;378;18.0
987;640;21.0
24;159;16.0
24;393;3.1666666666666665
24;414;4.333333333333333
24;200;5.666666666666667
24;169;14.0
24;413;5.0
24;43;17.0
24;778;3.6666666666666665
24;478;19.0
159;451;2.0
159;912;4.0
159;281;4.333333333333333
393;47;4.75
393;125;4.25
393;200;3.3333333333333335
393;868;19.0
393;878;17.0
393;778;3.75
393;767;2.5
393;414;4.75
393;413;3.1666666666666665
393;787;22.0
393;786;5.0
393;420;3.0
414;43;14.0
414;413;4.333333333333333
414;526;13.0
414;916;13.0
414;515;16.0
200;47;4.666666666666667
200;125;4.666666666666667
200;169;5.0
200;944;14.0
200;767;4.333333333333333
200;916;5.0
200;801;16.0
169;360;13.0
169;916;3.0
169;413;15.0
169;657;20.0
169;240;3.6666666666666665
413;41;16.0
413;273;17.0
413;526;15.0
413;767;4.333333333333333
413;786;5.333333333333333
43;394;15.0
43;916;14.0
43;420;17.0
43;944;13.0
43;637;16.0
43;240;13.0
43;820;14.0
778;420;3.3333333333333335
478;79;51.0
478;133;3.2
478;143;5.0
478;516;2.2857142857142856
478;968;3.0
478;909;3.5
478;669;2.5
478;676;3.25
478;722;16.0
25;36;21.0
25;384;6.666666666666667
25;904;5.333333333333333
25;939;6.333333333333333
25;787;18.0
25;293;5.333333333333333
25;938;5.0
25;693;18.0
25;238;19.0
25;499;4.2
25;966;18.0
36;521;2.3333333333333335
36;527;4.0
36;412;2.0
36;400;2.5
36;757;1.8333333333333333
36;853;2.5
36;232;2.142857142857143
36;489;2.5
384;124;4.0
384;160;23.0
384;238;4.0
384;293;5.333333333333333
384;432;5.333333333333333
384;938;3.5
384;886;16.0
384;495;5.0
384;722;4.0
384;787;17.0
384;919;1.8571428571428572
904;238;14.0
904;293;3.6666666666666665
904;295;21.0
904;452;12.0
904;495;6.0
904;499;3.2
939;38;29.0
939;124;4.333333333333333
939;442;16.0
939;495;7.0
939;499;3.4
939;538;18.0
939;564;15.0
787;381;15.0
787;432;14.0
787;495;19.0
787;558;18.0
787;693;13.0
293;919;3.6666666666666665
293;823;13.0
293;495;5.666666666666667
293;499;3.2
938;124;3.0
938;386;23.0
693;149;12.0
693;495;20.0
693;688;12.0
693;886;11.0
238;495;6.0
238;432;14.0
238;722;3.25
238;919;4.0
238;645;22.0
499;124;5.666666666666667
499;302;21.0
499;432;6.333333333333333
499;495;3.0
499;594;22.0
499;722;5.666666666666667
499;983;20.0
966;209;12.0
966;386;7.333333333333333
966;571;12.0
966;581;17.0
966;615;4.666666666666667
26;407;16.0
26;534;16.0
26;508;3.6666666666666665
26;136;5.0
26;825;4.666666666666667
26;192;20.0
26;31;14.0
26;295;4.25
407;146;4.666666666666667
407;153;3.6666666666666665
407;217;4.0
407;646;2.4
407;847;3.5
407;812;13.0
534;31;16.0
534;54;16.0
534;69;5.0
534;295;6.666666666666667
534;508;4.333333333333333
534;655;5.666666666666667
534;927;5.0
534;538;6.0
534;973;19.0
508;136;4.666666666666667
508;295;3.2
508;959;12.0
136;31;4.666666666666667
136;90;17.0
136;689;4.666666666666667
136;692;18.0
136;655;4.25
136;825;5.0
136;295;4.0
136;701;3.2
825;31;15.0
825;295;6.0
825;538;5.666666666666667
825;688;39.0
825;692;16.0
192;99;5.333333333333333
192;162;6.0
192;999;17.0
192;717;5.333333333333333
192;773;17.0
192;470;6.333333333333333
31;655;3.5
31;701;2.3333333333333335
31;689;4.0
31;295;5.0
31;315;4.333333333333333
295;655;4.5
295;315;5.666666666666667
295;692;20.0
295;689;5.666666666666667
295;701;3.0
187;83;17.0
205;459;15.0
205;350;10.0
205;426;16.0
181;163;6.666666666666667
181;291;3.25
181;427;6.333333333333333
181;504;14.0
181;675;16.0
587;34;11.0
587;162;5.666666666666667
587;265;7.666666666666667
587;470;6.0
587;518;21.0
587;702;17.0
28;411;2.0
28;984;3.3333333333333335
28;171;3.3333333333333335
28;889;3.0
28;912;12.0
411;171;2.2
411;193;3.0
411;333;3.0
411;404;13.0
411;445;2.5
411;889;4.0
411;984;2.0
984;193;3.6666666666666665
984;333;3.6666666666666665
984;404;11.0
984;545;10.0
171;512;18.0
171;333;3.6666666666666665
171;660;16.0
171;445;3.3333333333333335
889;259;3.0
889;545;3.0
912;281;4.666666666666667
912;451;3.5
912;586;19.0
29;660;13.0
29;222;3.6666666666666665
29;813;2.3333333333333335
29;85;10.0
660;44;21.0
660;149;15.0
660;222;5.333333333333333
660;454;2.6
660;574;4.666666666666667
660;703;4.0
660;701;19.0
660;810;29.0
222;85;14.0
222;131;19.0
222;894;20.0
222;454;2.0
222;703;3.6666666666666665
222;574;3.25
222;697;4.333333333333333
222;813;3.0
813;133;13.0
813;454;3.0
85;95;22.0
85;703;11.0
85;149;11.0
85;697;10.0
30;406;17.0
30;773;2.4
30;190;12.0
30;652;2.4
30;771;4.0
30;248;4.333333333333333
30;592;3.3333333333333335
30;796;3.6666666666666665
30;593;16.0
406;239;4.333333333333333
406;275;4.0
406;380;3.6666666666666665
406;489;2.375
406;426;5.0
406;527;6.666666666666667
406;412;5.666666666666667
773;248;2.5
773;436;12.0
773;592;2.25
773;652;2.4
190;652;4.0
190;796;2.6666666666666665
190;592;9.0
190;550;13.0
652;248;4.333333333333333
652;521;28.0
652;592;2.5
652;771;3.0
652;891;11.0
652;796;2.75
771;364;15.0
771;469;14.0
771;592;2.6666666666666665
248;817;13.0
248;266;11.0
796;266;9.0
593;113;12.0
593;383;3.0
593;782;11.0
593;618;4.333333333333333
593;634;14.0
593;874;4.0
655;69;3.75
655;279;22.0
655;315;4.666666666666667
655;538;4.25
655;692;5.333333333333333
655;689;2.1666666666666665
655;701;2.142857142857143
701;315;2.6
701;538;4.25
701;565;31.0
689;538;5.0
689;969;11.0
315;148;25.0
315;173;21.0
315;692;15.0
32;554;6.666666666666667
32;141;7.0
32;576;8.0
32;287;7.666666666666667
32;111;7.0
32;261;7.333333333333333
32;368;7.0
32;769;7.0
32;245;26.0
32;595;27.0
554;704;3.3333333333333335
141;177;17.0
141;287;15.0
576;62;27.0
576;270;4.666666666666667
576;366;5.0
576;835;16.0
287;95;23.0
287;704;14.0
287;359;17.0
111;370;15.0
111;668;16.0
261;270;4.666666666666667
261;942;14.0
368;366;4.0
368;916;14.0
368;769;10.0
769;270;14.0
769;366;12.0
245;79;15.0
245;685;10.2
245;943;10.0
245;823;13.0
245;719;25.0
595;38;26.0
595;382;27.0
595;643;19.0
595;957;11.0
33;662;4.666666666666667
33;267;4.666666666666667
33;710;5.666666666666667
33;254;3.5
33;164;16.0
662;164;15.0
662;348;15.0
662;410;12.0
267;164;15.0
267;468;4.333333333333333
267;710;2.6
267;822;17.0
710;50;5.666666666666667
710;122;3.6666666666666665
710;410;3.0
710;468;4.666666666666667
710;485;14.0
710;925;13.0
254;50;5.0
254;997;10.0
254;551;13.0
164;50;5.666666666666667
164;680;25.0
164;477;17.0
164;429;3.75
164;997;4.0
34;162;11.0
34;127;10.666666666666666
34;470;10.666666666666666
34;221;10.666666666666666
34;628;11.333333333333334
34;753;10.333333333333334
34;381;32.0
34;537;11.333333333333334
34;99;10.333333333333334
34;357;10.333333333333334
34;415;11.333333333333334
34;830;11.333333333333334
34;265;11.333333333333334
34;999;33.0
34;717;10.666666666666666
34;809;11.0
34;46;44.0
34;83;40.0
34;704;35.0
34;322;42.0
162;830;6.333333333333333
162;374;4.666666666666667
162;865;13.0
127;265;20.0
127;537;24.0
470;415;5.333333333333333
470;537;8.0
470;830;6.0
470;600;17.0
628;537;8.666666666666666
628;958;18.0
628;809;5.666666666666667
381;265;19.0
381;809;16.0
537;99;7.333333333333333
537;201;29.0
537;265;9.666666666666666
537;357;7.333333333333333
537;415;8.333333333333334
537;830;8.666666666666666
537;809;8.666666666666666
537;761;7.333333333333333
99;265;6.333333333333333
357;217;14.0
415;877;17.0
830;37;20.0
830;154;20.0
265;717;6.333333333333333
265;745;6.0
265;418;25.0
265;999;20.0
999;643;18.0
809;204;18.0
809;277;21.0
46;779;30.0
46;810;9.666666666666666
46;636;18.0
46;160;7.333333333333333
46;971;19.0
46;475;20.0
46;811;18.0
46;234;11.666666666666666
46;673;7.666666666666667
46;220;23.0
46;562;27.0
46;446;6.333333333333333
46;834;4.8
46;112;39.0
83;60;16.0
83;62;8.666666666666666
83;361;18.0
83;692;22.0
83;556;20.0
83;302;6.333333333333333
83;322;23.0
83;580;5.2
83;343;18.0
704;160;17.0
322;62;28.0
322;121;18.0
322;132;8.666666666666666
322;634;21.0
322;464;19.0
322;556;6.0
322;510;3.5
322;502;7.0
322;718;18.0
322;849;3.2
322;719;8.0
954;199;14.0
840;342;8.666666666666666
840;443;38.0
73;38;27.0
73;418;14.0
73;721;4.333333333333333
680;126;30.0
680;342;5.166666666666667
680;399;25.0
680;564;23.0
680;721;3.3333333333333335
342;90;8.666666666666666
342;879;49.0
342;349;8.666666666666666
342;964;9.333333333333334
342;721;6.75
342;818;30.0
943;40;11.0
943;53;33.0
943;79;16.666666666666668
943;102;10.333333333333334
943;161;9.333333333333334
943;219;9.666666666666666
943;223;9.666666666666666
943;347;28.0
943;355;10.0
943;473;9.333333333333334
943;481;12.0
943;515;10.333333333333334
943;542;11.333333333333334
943;579;9.333333333333334
943;600;9.666666666666666
943;617;29.0
943;622;9.333333333333334
943;672;9.333333333333334
943;685;2.789473684210526
943;705;9.333333333333334
443;40;13.333333333333334
443;53;38.0
443;79;17.333333333333332
443;139;12.333333333333334
443;161;12.0
443;219;11.666666666666666
443;223;12.0
443;339;11.666666666666666
443;355;12.0
443;362;12.0
443;685;2.4347826086956523
443;687;11.666666666666666
443;600;12.0
443;766;35.0
443;515;13.0
443;731;10.666666666666666
443;702;11.666666666666666
443;823;35.0
443;816;33.0
443;481;13.0
443;842;11.333333333333334
443;705;11.666666666666666
443;877;11.333333333333334
443;802;12.0
443;579;11.666666666666666
443;542;13.0
443;801;37.0
443;847;41.0
472;62;23.0
472;719;6.666666666666667
472;510;5.666666666666667
343;464;13.0
343;510;19.0
343;480;13.0
343;441;17.0
521;120;22.0
521;160;30.0
521;232;8.0
521;239;7.333333333333333
521;275;7.333333333333333
521;380;7.0
521;400;8.0
521;402;7.666666666666667
521;412;7.333333333333333
521;426;7.666666666666667
521;489;2.3
521;668;7.333333333333333
521;527;8.666666666666666
521;757;6.666666666666667
521;853;6.666666666666667
521;960;7.0
521;647;28.0
527;65;24.0
527;120;17.0
527;179;22.0
527;239;6.666666666666667
527;290;19.0
527;420;22.0
527;489;3.5714285714285716
527;960;6.0
527;668;6.666666666666667
527;853;6.666666666666667
527;824;21.0
412;400;5.333333333333333
412;668;5.333333333333333
412;757;4.333333333333333
412;622;16.0
412;960;4.666666666666667
412;853;5.666666666666667
412;489;3.3333333333333335
400;66;18.0
400;232;6.0
400;583;19.0
400;489;5.5
400;668;6.0
400;621;19.0
400;695;17.0
757;232;4.666666666666667
757;239;4.666666666666667
757;489;4.5
853;232;6.0
853;239;15.0
853;275;14.0
853;380;13.0
853;426;16.0
853;668;18.0
232;456;19.0
232;426;6.0
232;334;17.0
232;489;5.75
232;804;17.0
232;510;23.0
489;148;35.0
489;239;2.2222222222222223
489;275;2.857142857142857
489;380;3.1666666666666665
489;402;5.25
489;426;2.625
489;668;2.75
489;960;2.7142857142857144
37;841;12.0
37;110;12.0
37;260;9.333333333333334
37;781;5.0
37;39;30.0
37;174;21.0
37;501;15.0
841;215;14.0
841;483;3.3333333333333335
841;610;3.6666666666666665
110;646;3.6666666666666665
110;847;3.0
110;417;4.333333333333333
260;39;18.666666666666668
260;174;34.0
260;246;7.75
260;713;8.666666666666666
260;711;6.5
260;352;28.0
260;371;6.5
260;329;28.0
260;807;9.333333333333334
260;781;5.6
260;533;7.0
260;439;30.0
260;639;29.0
260;616;29.0
260;706;11.333333333333334
260;298;31.0
260;481;41.0
260;266;29.0
260;501;9.333333333333334
781;177;17.0
781;180;15.0
781;246;5.2
781;616;4.666666666666667
781;656;18.0
781;711;3.0
39;531;28.0
39;439;32.0
39;665;46.0
39;829;24.0
39;711;6.0
39;246;17.333333333333332
174;68;23.0
174;638;20.0
174;814;19.0
174;288;21.0
174;371;18.0
174;829;17.0
174;433;19.0
174;246;30.0
174;824;6.666666666666667
174;550;21.0
501;246;8.333333333333334
501;371;2.6
501;827;18.0
501;774;17.0
38;902;26.0
38;957;7.333333333333333
38;586;4.833333333333333
38;394;8.0
38;382;35.0
38;247;8.666666666666666
38;229;26.0
38;879;13.0
38;625;25.0
38;940;25.0
38;270;29.0
38;386;40.0
902;142;23.0
902;474;15.0
902;625;14.0
586;47;20.0
586;247;2.8333333333333335
586;354;4.2
586;879;5.666666666666667
586;928;19.0
586;868;5.333333333333333
586;924;17.0
394;305;15.0
382;142;10.333333333333334
382;225;8.0
382;305;8.666666666666666
382;354;29.0
382;808;25.0
382;683;4.25
382;879;35.0
382;488;27.0
382;459;8.333333333333334
382;433;26.0
247;142;7.333333333333333
247;683;9.333333333333334
247;879;9.666666666666666
247;978;16.0
229;142;8.0
229;683;5.6
229;940;4.333333333333333
229;643;18.0
229;431;17.0
229;879;10.333333333333334
879;142;10.333333333333334
879;147;38.0
879;225;10.0
879;288;36.0
879;305;10.333333333333334
879;354;11.0
879;364;10.666666666666666
879;459;9.666666666666666
879;488;33.0
879;502;35.0
879;601;10.0
879;625;10.333333333333334
879;643;10.666666666666666
879;683;3.272727272727273
625;683;5.6
625;940;4.333333333333333
940;253;11.0
940;354;18.0
940;683;6.5
270;243;4.333333333333333
270;289;16.0
386;147;8.666666666666666
386;177;28.0
386;194;24.0
386;341;22.0
386;770;25.0
386;950;24.0
386;514;10.666666666666666
386;732;23.0
386;615;5.0
386;571;24.0
386;581;25.0
386;504;25.0
386;851;23.0
386;538;29.0
531;274;19.0
531;656;16.0
531;827;5.333333333333333
531;942;12.0
531;706;5.333333333333333
439;436;15.0
439;612;18.0
439;807;16.0
439;786;17.0
439;827;20.0
439;694;20.0
665;58;9.0
665;97;23.0
665;184;24.0
665;344;8.333333333333334
665;351;22.0
665;471;7.666666666666667
665;497;4.714285714285714
665;832;7.0
665;667;5.25
665;956;22.0
665;752;6.0
829;246;23.0
711;246;5.75
711;388;16.0
246;189;36.0
246;827;29.0
246;533;6.25
246;616;8.333333333333334
246;814;27.0
246;352;8.666666666666666
246;807;8.666666666666666
246;713;5.75
246;371;5.75
246;329;24.0
246;884;26.0
40;930;18.0
40;139;7.0
40;579;5.333333333333333
40;347;18.0
40;958;6.333333333333333
40;685;5.777777777777778
40;79;15.666666666666666
40;854;5.0
40;118;19.0
930;250;3.6666666666666665
139;79;15.0
139;339;5.333333333333333
139;172;7.0
139;672;5.333333333333333
139;802;5.666666666666667
139;674;36.0
139;685;4.9
139;336;17.0
579;79;14.333333333333334
579;685;6.857142857142857
347;79;14.0
347;161;13.0
347;201;14.0
347;766;4.0
958;79;15.0
958;542;6.666666666666667
958;591;4.333333333333333
958;685;8.333333333333334
685;79;1.78125
685;102;4.8
685;154;7.0
685;161;5.333333333333333
685;172;3.769230769230769
685;201;8.5
685;219;9.8
685;223;6.857142857142857
685;301;5.444444444444445
685;311;58.0
685;339;6.25
685;355;6.25
685;362;8.333333333333334
685;473;8.166666666666666
685;481;3.642857142857143
685;488;19.0
685;515;7.142857142857143
685;542;4.083333333333333
685;591;6.857142857142857
685;600;6.857142857142857
685;612;7.142857142857143
685;622;9.8
685;672;8.0
685;802;4.363636363636363
685;705;6.0
685;842;6.714285714285714
685;877;6.857142857142857
685;687;6.0
685;858;16.0
685;702;12.5
685;854;16.0
685;731;8.0
685;947;12.5
685;927;52.0
79;53;46.0
79;172;15.0
79;823;44.0
79;301;15.0
79;816;44.0
79;766;14.666666666666666
79;877;14.666666666666666
79;705;14.0
79;802;14.666666666666666
79;731;14.333333333333334
79;858;14.0
79;617;44.0
79;622;14.666666666666666
79;481;15.333333333333334
79;223;14.333333333333334
79;362;15.0
79;355;14.333333333333334
79;591;14.333333333333334
79;842;14.0
79;473;14.666666666666666
79;161;14.333333333333334
79;612;15.333333333333334
79;339;15.0
79;687;14.333333333333334
79;154;15.0
79;201;15.0
79;102;14.666666666666666
79;278;47.0
854;65;14.0
118;82;4.333333333333333
118;780;3.3333333333333335
118;941;2.5
118;618;3.0
118;603;13.0
41;847;2.8
41;146;4.666666666666667
41;417;4.666666666666667
41;646;4.666666666666667
41;812;13.0
847;80;2.5
847;146;2.0
847;153;3.25
847;417;2.142857142857143
847;603;2.8
847;646;2.3333333333333335
146;80;4.666666666666667
146;748;14.0
146;217;14.0
146;603;4.333333333333333
146;417;4.666666666666667
417;80;4.666666666666667
417;217;15.0
417;409;14.0
417;603;3.25
417;812;4.333333333333333
417;855;21.0
646;97;17.0
646;153;3.0
646;163;24.0
646;217;5.0
812;80;4.333333333333333
812;217;12.0
812;603;3.0
676;516;5.0
676;529;15.0
676;669;4.0
894;55;24.0
894;279;20.0
894;360;16.0
894;474;19.0
894;477;17.0
894;607;15.0
894;699;17.0
674;69;31.0
674;76;10.666666666666666
674;88;9.333333333333334
674;279;34.0
674;300;9.666666666666666
674;477;30.0
674;602;30.0
674;607;9.666666666666666
674;659;5.333333333333333
674;837;6.0
674;743;31.0
674;996;9.333333333333334
674;973;7.75
674;992;27.0
674;744;9.0
674;795;33.0
674;754;9.333333333333334
674;831;31.0
674;722;31.0
860;89;8.0
860;307;14.0
860;525;13.0
55;51;7.0
55;277;24.0
55;795;22.0
55;822;23.0
55;934;23.0
55;995;20.0
55;456;20.0
55;732;20.0
55;831;21.0
55;973;7.0
55;743;20.0
55;126;24.0
744;277;14.0
744;659;5.333333333333333
754;51;14.0
754;497;28.0
754;659;5.666666666666667
477;88;12.0
477;277;17.0
477;973;16.0
477;735;5.666666666666667
58;344;8.0
58;604;21.0
58;566;7.666666666666667
58;978;6.666666666666667
58;956;7.0
58;852;22.0
58;72;23.0
58;712;6.0
58;866;20.0
58;497;3.875
89;795;13.0
89;408;12.0
735;112;43.0
735;126;24.0
735;279;21.0
735;300;5.0
735;307;20.0
735;456;18.0
735;615;19.0
867;474;11.0
743;112;40.0
743;126;20.0
743;474;16.0
916;47;14.0
916;240;3.3333333333333335
420;125;4.333333333333333
420;526;15.0
420;786;5.0
420;767;4.0
944;526;11.0
944;562;22.0
637;228;5.333333333333333
240;786;13.0
820;48;4.0
820;158;18.0
820;273;13.0
820;509;3.3333333333333335
44;257;3.0
44;268;7.0
44;789;5.333333333333333
44;815;4.166666666666667
44;565;9.333333333333334
44;694;6.666666666666667
44;311;19.0
44;59;7.333333333333333
44;96;5.333333333333333
257;59;3.8333333333333335
257;65;3.0
257;144;21.0
257;179;2.6666666666666665
257;233;3.2
257;715;19.0
257;821;15.0
257;789;3.2
257;815;3.7142857142857144
257;565;5.8
268;104;6.0
268;106;6.333333333333333
268;552;6.666666666666667
268;715;20.0
268;565;29.0
268;843;16.0
268;311;6.333333333333333
268;929;27.0
268;751;23.0
268;815;4.0
268;893;20.0
789;59;6.333333333333333
789;65;5.333333333333333
789;104;15.0
789;185;21.0
789;311;17.0
789;475;14.0
815;59;3.5
815;65;6.5
815;96;5.0
815;104;5.0
815;106;5.0
815;179;6.25
815;191;8.333333333333334
815;233;6.0
815;311;5.0
815;336;8.333333333333334
815;431;5.0
815;442;9.0
815;482;7.0
815;552;4.333333333333333
815;621;6.75
815;694;7.25
565;59;10.333333333333334
565;96;27.0
565;104;28.0
565;179;9.666666666666666
565;185;33.0
565;191;26.0
565;233;8.666666666666666
565;442;26.0
565;455;9.333333333333334
565;552;29.0
565;929;10.333333333333334
565;895;25.0
565;843;25.0
565;707;5.4
565;694;10.0
694;65;7.0
694;144;20.0
694;264;19.0
694;455;6.0
694;929;26.0
694;819;16.0
311;59;24.0
311;65;20.0
311;106;18.0
311;929;27.0
311;552;6.0
311;431;5.666666666666667
311;715;19.0
59;497;40.0
59;96;7.333333333333333
59;191;7.0
59;104;7.333333333333333
59;552;7.666666666666667
59;336;7.333333333333333
59;707;8.0
59;185;28.0
59;526;24.0
59;65;8.0
96;929;23.0
96;635;14.0
96;482;5.333333333333333
45;461;4.666666666666667
45;910;2.75
45;220;2.1666666666666665
45;95;3.6
45;252;4.666666666666667
45;750;4.333333333333333
45;818;13.0
461;95;6.0
461;252;4.666666666666667
461;818;4.0
461;507;4.0
461;855;20.0
461;910;4.0
461;859;3.6666666666666665
461;548;2.6
910;220;3.6666666666666665
910;339;14.0
220;95;6.333333333333333
220;859;11.0
220;252;5.0
220;316;14.0
95;859;5.333333333333333
95;818;6.0
95;252;6.0
95;548;2.4285714285714284
95;750;3.2
95;507;4.25
95;447;6.0
95;106;25.0
95;623;20.0
252;137;15.0
252;688;39.0
252;548;2.6
252;818;13.0
252;447;4.666666666666667
750;447;3.3333333333333335
750;507;3.0
750;548;2.5
818;484;16.0
818;507;2.5
779;68;26.0
779;112;40.0
779;160;29.0
779;213;25.0
779;230;27.0
779;234;36.0
779;284;30.0
779;312;26.0
779;325;32.0
779;429;28.0
779;449;25.0
779;611;24.0
779;636;24.0
779;673;9.0
779;675;27.0
779;681;12.0
779;686;24.0
810;112;6.833333333333333
810;213;5.0
810;218;24.0
810;234;4.375
810;312;4.166666666666667
810;325;5.166666666666667
810;422;9.0
810;425;3.0
810;446;25.0
810;449;8.333333333333334
810;562;5.8
810;611;4.6
810;673;2.4
810;675;8.666666666666666
810;686;7.666666666666667
636;112;11.333333333333334
636;234;31.0
636;422;5.0
636;562;22.0
636;875;3.75
160;112;40.0
160;907;19.0
160;297;20.0
160;259;16.0
160;446;5.333333333333333
160;834;5.25
971;112;11.666666666666666
971;234;10.666666666666666
971;297;4.666666666666667
971;562;21.0
971;663;14.0
971;681;5.8
475;112;12.0
475;307;16.0
475;325;7.333333333333333
475;681;7.25
811;234;10.333333333333334
811;681;9.333333333333334
811;688;34.0
234;68;34.0
234;112;14.333333333333334
234;213;10.666666666666666
234;230;11.666666666666666
234;681;5.0
234;834;5.0
234;714;10.333333333333334
234;449;10.666666666666666
234;673;8.25
234;907;11.333333333333334
234;359;5.666666666666667
234;675;10.666666666666666
234;562;11.666666666666666
234;312;11.0
234;422;11.0
234;611;10.333333333333334
234;835;11.666666666666666
234;425;10.666666666666666
234;604;38.0
234;634;36.0
234;572;36.0
673;112;7.2
673;214;22.0
673;325;6.25
673;422;5.0
673;425;5.333333333333333
673;449;4.25
673;562;8.333333333333334
673;645;8.333333333333334
673;681;4.0
562;112;13.0
562;121;23.0
562;213;7.666666666666667
562;230;26.0
562;297;25.0
562;325;29.0
562;359;6.25
562;425;7.0
562;553;25.0
562;907;23.0
562;675;24.0
446;681;10.333333333333334
446;834;4.25
446;978;14.0
446;875;5.333333333333333
834;218;18.0
834;230;4.4
834;325;9.666666666666666
834;359;4.75
834;422;5.0
834;449;6.666666666666667
834;675;5.0
112;68;12.0
112;915;37.0
112;681;3.6363636363636362
112;875;7.4
112;213;12.0
112;230;38.0
112;422;12.333333333333334
112;218;36.0
112;449;35.0
112;611;12.0
112;835;12.666666666666666
112;297;12.0
112;747;12.0
112;312;13.0
112;359;7.8
112;325;40.0
112;714;11.666666666666666
112;907;12.333333333333334
112;144;43.0
112;645;15.0
47;526;15.0
47;125;12.0
47;767;3.6666666666666665
526;630;16.0
125;669;15.0
48;898;3.6666666666666665
48;969;11.0
48;663;4.0
48;670;2.2
48;535;3.6666666666666665
48;509;3.6666666666666665
48;883;12.0
898;197;14.0
898;273;12.0
898;535;3.0
898;663;3.3333333333333335
898;670;1.8
969;273;12.0
969;509;10.0
969;663;10.0
663;273;13.0
663;670;2.0
670;535;2.5
670;888;11.0
535;273;13.0
535;509;11.0
535;952;10.0
509;372;13.0
509;563;16.0
883;388;3.0
883;498;3.3333333333333335
883;563;4.333333333333333
49;300;14.0
49;716;13.0
49;922;14.0
49;926;13.0
300;659;18.0
300;934;14.0
716;56;13.0
716;82;13.0
716;197;13.0
716;618;13.0
922;480;13.0
922;634;4.0
922;643;17.0
926;119;3.0
926;492;3.6666666666666665
926;699;12.0
50;429;4.0
50;410;3.25
50;122;4.333333333333333
50;560;21.0
429;468;4.666666666666667
429;997;3.6666666666666665
410;122;2.0
410;747;9.0
122;468;11.0
122;760;9.0
560;54;17.0
560;148;8.333333333333334
560;150;21.0
560;274;23.0
560;318;5.333333333333333
560;494;7.0
560;541;4.75
560;863;17.0
560;965;5.0
51;307;19.0
51;973;5.333333333333333
51;795;15.0
51;832;16.0
51;892;12.0
307;837;17.0
307;822;6.333333333333333
307;438;5.0
307;995;16.0
973;76;6.0
973;126;22.0
795;360;14.0
795;376;15.0
795;519;17.0
832;70;16.0
832;105;15.0
832;182;14.0
832;495;21.0
832;667;5.0
892;466;11.0
892;528;11.0
90;721;3.0
349;418;4.0
418;128;17.0
418;542;22.0
272;214;16.0
272;661;17.0
272;524;4.333333333333333
272;540;3.75
272;353;4.666666666666667
185;163;30.0
185;929;28.0
185;715;21.0
185;621;21.0
185;482;20.0
185;552;21.0
185;936;18.0
185;431;21.0
185;286;21.0
964;447;17.0
53;629;18.0
53;542;21.0
53;858;14.0
53;731;15.0
53;339;19.0
53;705;16.0
629;363;14.0
629;483;13.0
629;920;16.0
542;161;6.0
542;172;8.0
542;301;6.666666666666667
542;877;6.0
542;731;5.333333333333333
542;612;6.666666666666667
731;481;6.666666666666667
339;802;5.666666666666667
339;600;5.0
339;786;18.0
705;481;7.0
705;612;4.666666666666667
54;528;13.0
54;925;10.0
54;990;10.0
54;473;13.0
528;253;12.0
528;469;5.0
528;928;4.666666666666667
528;990;12.0
528;951;11.0
528;788;17.0
925;466;3.6666666666666665
925;469;4.0
990;370;4.666666666666667
990;466;4.0
990;530;11.0
473;355;4.666666666666667
473;762;9.0
277;88;4.666666666666667
277;126;23.0
277;627;16.0
277;977;14.0
277;837;5.333333333333333
822;76;20.0
822;126;23.0
822;279;20.0
822;438;5.333333333333333
822;456;16.0
934;344;24.0
934;402;14.0
934;451;17.0
934;474;17.0
995;351;13.0
995;360;12.0
995;376;12.0
995;456;12.0
456;376;14.0
456;831;15.0
732;214;14.0
732;514;7.333333333333333
732;700;6.666666666666667
831;88;13.0
831;126;20.0
831;602;13.0
126;659;27.0
126;360;20.0
126;607;20.0
126;602;19.0
56;946;19.0
56;780;14.0
56;113;3.25
56;588;14.0
56;82;5.0
56;947;15.0
56;874;5.333333333333333
946;148;8.333333333333334
946;150;19.0
946;329;17.0
946;450;16.0
946;494;6.666666666666667
946;539;7.0
946;541;6.333333333333333
946;688;11.333333333333334
780;82;13.0
780;500;15.0
780;583;15.0
780;618;4.333333333333333
113;82;4.666666666666667
113;197;13.0
113;839;9.0
113;874;3.6666666666666665
588;463;14.0
588;782;9.0
588;612;14.0
588;873;8.0
82;808;15.0
82;782;13.0
82;941;4.666666666666667
947;184;16.0
947;189;21.0
947;481;7.333333333333333
947;515;4.666666666666667
874;197;15.0
874;383;2.4
874;500;5.333333333333333
874;618;4.666666666666667
142;364;8.0
142;305;7.333333333333333
142;643;24.0
142;594;8.0
142;601;7.333333333333333
142;514;37.0
142;683;2.5
142;225;6.666666666666667
354;725;17.0
354;986;19.0
354;491;17.0
488;683;10.0
488;600;6.0
488;500;21.0
601;459;4.666666666666667
601;591;15.0
601;808;14.0
601;683;4.333333333333333
923;274;19.0
923;296;5.333333333333333
923;573;17.0
923;575;14.0
923;631;10.666666666666666
923;688;36.0
344;70;7.333333333333333
344;72;23.0
344;184;24.0
344;667;7.666666666666667
344;978;6.666666666666667
344;604;7.333333333333333
344;566;7.0
344;497;2.727272727272727
344;866;20.0
344;471;8.0
344;900;7.0
604;97;5.666666666666667
604;310;22.0
604;448;5.666666666666667
604;497;7.25
604;866;4.666666666666667
566;184;18.0
566;310;21.0
566;355;20.0
566;471;6.666666666666667
566;497;4.833333333333333
566;524;5.333333333333333
566;540;6.0
566;900;5.666666666666667
978;70;4.666666666666667
978;97;16.0
978;497;5.4
956;72;16.0
956;204;15.0
956;310;6.333333333333333
956;471;18.0
852;133;14.0
852;143;3.6666666666666665
852;516;5.0
852;529;17.0
852;682;2.25
72;310;22.0
72;900;19.0
72;720;17.0
72;471;21.0
72;334;17.0
72;204;16.0
72;866;16.0
72;823;17.0
712;310;17.0
712;448;4.0
712;497;6.25
866;70;16.0
866;97;5.333333333333333
866;204;14.0
866;239;18.0
497;70;7.0
497;105;7.25
497;182;30.0
497;204;9.666666666666666
497;448;3.857142857142857
497;471;5.333333333333333
497;850;6.0
497;752;6.25
497;667;4.666666666666667
497;959;9.333333333333334
497;720;6.5
497;900;5.8
191;774;15.0
191;884;11.0
191;929;22.0
104;819;13.0
104;573;18.0
104;106;5.333333333333333
552;144;20.0
552;193;16.0
552;431;5.0
552;438;17.0
336;697;11.0
336;929;23.0
336;422;17.0
707;106;5.666666666666667
707;929;5.75
707;936;13.0
65;533;20.0
65;179;5.666666666666667
65;895;15.0
60;752;9.0
60;532;13.0
60;62;23.0
60;510;17.0
532;391;17.0
532;392;15.0
532;441;18.0
532;502;17.0
532;611;15.0
62;391;26.0
62;719;8.666666666666666
62;718;23.0
62;387;8.0
62;464;7.333333333333333
62;480;7.666666666666667
62;392;8.0
62;580;2.1666666666666665
62;302;8.0
62;92;7.0
62;748;7.666666666666667
62;616;27.0
510;201;21.0
510;502;6.666666666666667
510;556;3.8
510;719;4.166666666666667
510;982;16.0
510;849;3.75
551;148;7.666666666666667
551;518;16.0
551;541;6.0
551;788;16.0
551;817;14.0
249;323;10.0
764;230;18.0
764;433;10.0
503;317;1.6666666666666667
503;326;2.4
503;739;15.0
362;137;14.0
362;188;20.0
362;481;7.333333333333333
391;120;14.0
391;132;25.0
391;213;18.0
391;683;31.0
391;480;14.0
719;92;6.0
719;121;20.0
719;132;28.0
719;288;27.0
719;302;7.333333333333333
719;387;7.666666666666667
719;392;7.0
719;464;6.666666666666667
719;556;7.333333333333333
719;580;3.25
718;132;21.0
718;387;16.0
718;494;19.0
718;556;14.0
387;167;23.0
387;302;5.666666666666667
387;441;6.666666666666667
387;502;19.0
387;580;3.2857142857142856
464;993;10.0
464;580;4.2
480;580;5.5
392;92;3.6666666666666665
392;121;12.0
392;441;5.666666666666667
392;580;3.5
392;630;17.0
580;92;2.5714285714285716
580;132;3.857142857142857
580;302;2.5
580;334;7.333333333333333
580;441;3.2857142857142856
580;598;5.25
580;748;5.0
580;606;27.0
580;928;24.0
302;132;8.0
302;598;4.666666666666667
92;132;6.666666666666667
748;132;7.0
748;540;14.0
616;329;12.0
616;364;18.0
616;824;15.0
616;827;17.0
64;462;3.3333333333333335
64;207;10.0
64;167;5.0
64;100;11.0
64;983;2.75
462;138;12.0
462;167;5.0
462;935;9.0
462;638;15.0
462;983;4.333333333333333
207;219;11.0
207;935;8.0
207;553;12.0
207;695;12.0
167;225;21.0
167;285;17.0
167;935;14.0
167;559;16.0
167;861;15.0
167;983;5.666666666666667
167;988;14.0
167;353;20.0
100;76;16.0
100;351;13.0
983;285;4.333333333333333
983;695;4.666666666666667
533;352;15.0
533;371;3.75
533;433;14.0
533;638;17.0
533;807;3.0
179;945;15.0
179;952;13.0
179;621;5.666666666666667
179;233;4.666666666666667
895;442;11.0
895;602;11.0
66;698;4.666666666666667
66;550;4.333333333333333
66;348;13.0
66;519;4.333333333333333
66;848;2.6
66;379;12.0
66;572;13.0
698;128;4.333333333333333
698;259;15.0
698;348;14.0
698;519;15.0
698;529;20.0
698;572;4.333333333333333
698;641;2.8
698;683;32.0
698;848;3.25
550;379;12.0
550;848;4.666666666666667
348;128;13.0
348;452;13.0
348;519;14.0
348;432;16.0
348;572;12.0
519;128;13.0
519;379;4.0
519;848;4.666666666666667
519;914;4.333333333333333
848;128;4.333333333333333
848;452;4.0
848;529;18.0
848;641;2.4
379;128;13.0
379;914;3.3333333333333335
572;128;4.0
572;294;14.0
572;641;3.0
281;451;1.75
281;880;4.0
880;451;3.6666666666666665
514;194;8.0
514;209;24.0
514;313;6.0
514;337;25.0
514;581;27.0
514;615;6.5
514;851;7.666666666666667
514;571;24.0
514;862;8.0
514;575;5.5
514;723;24.0
514;959;26.0
514;933;8.333333333333334
514;700;5.166666666666667
814;288;16.0
814;327;12.0
814;454;13.0
68;875;6.0
68;714;12.0
68;312;16.0
68;218;14.0
68;617;15.0
875;230;7.0
875;297;6.0
875;422;4.5
875;525;19.0
875;681;4.285714285714286
714;223;12.0
714;681;7.0
312;228;23.0
312;675;5.666666666666667
312;702;16.0
218;130;16.0
218;681;30.0
617;145;13.0
617;172;18.0
69;692;5.0
69;132;23.0
69;341;13.0
692;538;5.666666666666667
692;659;23.0
692;927;5.0
132;502;24.0
132;334;7.333333333333333
132;556;23.0
132;856;22.0
132;441;8.666666666666666
132;849;7.0
341;147;18.0
341;933;17.0
341;950;13.0
341;581;17.0
341;770;14.0
70;619;15.0
70;959;15.0
70;720;14.0
619;143;11.0
619;516;4.666666666666667
619;522;2.5
619;909;2.25
619;669;4.666666666666667
720;530;12.0
720;667;4.666666666666667
134;264;12.0
134;801;4.0
134;647;4.333333333333333
134;650;4.666666666666667
134;563;5.333333333333333
134;498;13.0
656;226;17.0
656;288;6.333333333333333
656;329;17.0
656;352;18.0
656;638;4.0
656;824;5.333333333333333
824;485;12.0
824;706;18.0
327;706;16.0
327;485;10.0
638;288;5.333333333333333
638;298;14.0
638;827;18.0
639;288;17.0
639;352;14.0
639;485;12.0
639;594;17.0
639;827;18.0
371;288;17.0
371;329;13.0
807;288;19.0
298;107;21.0
298;980;13.0
298;827;18.0
715;455;15.0
715;482;16.0
492;917;3.6666666666666665
310;105;6.666666666666667
310;182;19.0
310;184;21.0
310;667;22.0
310;471;7.333333333333333
310;782;17.0
900;114;16.0
900;609;15.0
471;97;21.0
471;448;6.666666666666667
334;838;13.0
334;982;10.0
204;91;14.0
204;667;5.0
823;355;14.0
74;746;22.0
74;199;4.666666666666667
74;306;14.0
74;606;4.666666666666667
74;642;16.0
74;525;2.8
74;798;11.0
74;671;4.0
746;101;21.0
746;188;23.0
746;266;19.0
746;274;7.666666666666667
746;296;24.0
746;318;20.0
746;399;22.0
746;494;7.666666666666667
746;518;7.333333333333333
746;541;7.666666666666667
746;657;26.0
746;688;38.0
199;525;2.8
199;568;12.0
199;749;11.0
199;649;4.0
199;606;4.333333333333333
306;606;5.0
306;671;4.0
306;749;2.75
306;986;14.0
306;657;21.0
306;687;16.0
606;525;2.5
606;568;4.0
606;649;4.0
606;986;4.333333333333333
606;798;3.6666666666666665
606;749;4.0
642;130;5.0
642;529;19.0
642;563;2.3333333333333335
642;896;3.6666666666666665
642;905;12.0
642;650;5.0
642;804;4.0
525;649;2.1666666666666665
525;671;3.25
525;986;3.5
798;568;2.0
798;649;3.3333333333333335
671;76;16.0
671;649;4.0
671;749;3.0
76;659;7.0
76;133;19.0
76;996;4.333333333333333
76;672;16.0
76;481;27.0
659;376;20.0
659;699;6.333333333333333
659;996;3.0
659;837;6.666666666666667
659;872;15.0
133;516;5.666666666666667
133;529;17.0
133;669;5.0
133;968;4.333333333333333
996;699;3.6666666666666665
672;154;4.333333333333333
672;515;4.333333333333333
481;154;7.0
481;161;7.0
481;172;9.333333333333334
481;355;7.333333333333333
481;766;21.0
481;802;8.0
556;243;17.0
556;402;16.0
441;188;23.0
441;301;21.0
441;775;19.0
441;598;5.333333333333333
502;631;35.0
502;530;15.0
941;197;14.0
941;618;4.333333333333333
172;102;6.666666666666667
172;219;6.333333333333333
172;223;6.0
172;802;6.666666666666667
172;301;6.0
172;687;6.333333333333333
172;986;21.0
301;102;5.0
301;802;6.0
301;591;4.333333333333333
301;545;15.0
816;219;10.0
816;355;13.0
766;328;15.0
877;201;4.666666666666667
877;687;4.0
802;201;6.0
802;564;18.0
802;702;5.0
622;574;13.0
355;154;5.0
591;102;4.333333333333333
842;102;4.666666666666667
842;612;4.333333333333333
842;687;3.6666666666666665
161;154;4.666666666666667
201;933;19.0
102;600;5.0
102;359;19.0
278;917;3.6666666666666665
278;484;4.333333333333333
278;950;13.0
80;448;18.0
80;217;14.0
80;153;4.666666666666667
80;603;3.0
80;233;17.0
448;105;5.0
448;285;16.0
448;850;3.3333333333333335
153;388;16.0
233;106;16.0
233;929;22.0
233;442;4.333333333333333
888;376;3.6666666666666665
888;426;15.0
888;474;4.333333333333333
602;730;11.0
602;886;11.0
808;215;16.0
361;87;5.0
361;855;15.0
361;730;10.0
723;228;5.666666666666667
723;372;3.6666666666666665
723;463;14.0
703;454;1.6
703;574;3.0
149;697;9.0
697;574;3.6666666666666665
86;436;4.333333333333333
86;284;16.0
86;373;4.333333333333333
86;294;4.333333333333333
86;729;4.0
86;582;19.0
86;409;3.6666666666666665
86;805;4.333333333333333
436;654;4.0
436;805;2.25
284;335;4.666666666666667
284;729;14.0
284;523;20.0
284;294;4.666666666666667
284;432;18.0
284;455;18.0
373;335;2.5
373;729;2.75
373;997;9.0
294;409;2.25
294;729;4.0
729;335;3.6666666666666665
729;409;3.3333333333333335
729;654;14.0
582;855;6.0
582;630;4.25
582;893;17.0
805;469;14.0
805;654;2.75
87;855;19.0
87;235;18.0
87;627;5.333333333333333
87;706;23.0
855;627;5.0
855;630;4.5
235;511;4.0
235;630;3.75
706;529;22.0
706;827;7.0
706;927;17.0
88;837;3.0
88;594;16.0
837;607;4.333333333333333
837;684;16.0
594;225;5.333333333333333
594;226;15.0
594;683;7.0
594;868;14.0
408;131;16.0
408;156;7.666666666666667
408;173;20.0
408;774;5.0
408;838;13.0
91;97;16.0
91;184;17.0
91;518;17.0
91;447;14.0
91;214;16.0
97;93;20.0
97;182;16.0
184;182;16.0
184;486;17.0
184;359;19.0
518;148;6.0
518;318;16.0
518;737;16.0
518;558;19.0
518;573;6.333333333333333
447;548;2.2
214;151;3.6666666666666665
214;540;5.0
214;353;16.0
93;667;20.0
93;486;15.0
93;506;16.0
667;623;14.0
486;937;10.0
506;289;4.666666666666667
506;520;13.0
506;699;15.0
932;328;4.666666666666667
932;396;4.666666666666667
932;479;14.0
932;491;4.333333333333333
932;645;18.0
206;645;18.0
206;924;3.6666666666666665
206;396;13.0
206;801;13.0
206;794;12.0
479;645;17.0
479;857;4.0
924;346;11.0
328;645;5.666666666666667
328;396;4.333333333333333
396;645;5.666666666666667
396;491;13.0
859;548;2.25
507;209;11.0
106;929;7.666666666666667
106;431;5.333333333333333
106;598;16.0
929;144;26.0
929;363;25.0
929;442;23.0
929;482;24.0
929;621;24.0
635;130;16.0
635;498;13.0
635;650;5.0
635;647;4.666666666666667
482;455;16.0
482;699;17.0
482;936;13.0
482;621;5.333333333333333
182;614;15.0
119;304;15.0
696;297;16.0
696;484;4.0
696;893;3.6666666666666665
917;286;4.0
484;286;5.0
484;784;12.0
484;770;18.0
893;541;19.0
775;290;3.6666666666666665
775;547;2.75
101;788;5.0
101;688;35.0
101;148;8.0
101;512;6.333333333333333
101;304;5.666666666666667
101;631;5.0
788;188;6.666666666666667
788;275;17.0
788;450;4.666666666666667
788;631;6.4
788;681;34.0
788;688;38.0
688;148;41.0
688;150;36.0
688;158;37.0
688;274;12.333333333333334
688;399;36.0
688;494;7.2
688;539;39.0
688;541;8.75
688;558;37.0
688;584;36.0
688;614;37.0
688;981;11.666666666666666
688;869;36.0
688;740;35.0
688;965;11.333333333333334
688;991;33.0
688;863;34.0
148;318;7.666666666666667
148;274;6.75
148;856;7.333333333333333
148;541;8.666666666666666
148;296;8.666666666666666
148;573;9.0
148;631;8.2
512;158;7.666666666666667
512;296;6.666666666666667
512;450;5.333333333333333
512;584;5.666666666666667
512;863;5.666666666666667
512;573;22.0
512;657;23.0
512;965;17.0
512;631;4.0
304;150;6.0
304;158;7.0
304;399;5.666666666666667
304;657;23.0
304;318;18.0
304;558;6.0
304;563;20.0
304;631;4.428571428571429
631;150;5.333333333333333
631;158;4.857142857142857
631;188;9.0
631;296;5.333333333333333
631;356;7.75
631;399;6.4
631;450;7.5
631;495;40.0
631;539;7.2
631;543;5.166666666666667
631;558;5.333333333333333
631;584;7.5
631;614;11.0
631;737;6.0
631;991;9.666666666666666
631;863;7.75
631;869;7.75
631;980;31.0
359;468;16.0
359;422;3.4
819;431;13.0
819;453;11.0
819;621;14.0
573;352;18.0
573;425;17.0
573;539;23.0
573;702;16.0
105;850;3.0
105;952;12.0
105;325;26.0
952;442;12.0
325;230;8.333333333333334
325;297;8.333333333333334
325;686;7.0
325;907;8.0
325;915;23.0
325;681;4.857142857142857
325;425;7.0
325;835;8.0
431;968;16.0
598;376;13.0
107;147;6.333333333333333
107;176;5.333333333333333
107;700;4.0
107;615;7.0
107;851;19.0
107;194;6.333333333333333
107;862;18.0
107;770;6.333333333333333
107;177;21.0
107;209;18.0
107;504;6.0
147;176;18.0
147;615;4.75
147;189;24.0
147;851;5.0
147;862;16.0
147;313;7.0
147;504;17.0
176;770;4.666666666666667
176;337;13.0
176;700;5.25
176;209;12.0
700;177;7.666666666666667
700;189;3.7142857142857144
700;194;3.1666666666666665
700;313;6.0
700;504;4.2
700;575;5.25
700;657;29.0
700;950;5.25
700;770;3.5
700;821;6.333333333333333
615;915;16.0
615;933;6.0
615;777;14.0
851;189;21.0
851;313;2.8
851;581;5.333333333333333
194;189;6.666666666666667
194;305;17.0
194;950;3.6666666666666665
862;189;20.0
862;230;19.0
862;575;4.0
770;189;7.333333333333333
770;504;4.333333333333333
770;581;19.0
177;151;13.0
177;297;19.0
177;933;19.0
177;821;4.0
209;933;15.0
504;189;6.333333333333333
504;777;12.0
370;318;18.0
370;466;3.5
370;469;5.666666666666667
370;928;3.75
370;457;5.333333333333333
370;951;4.0
370;523;20.0
370;378;17.0
668;120;14.0
668;402;5.0
668;960;4.666666666666667
915;230;18.0
915;449;15.0
681;213;30.0
681;230;10.666666666666666
681;276;10.333333333333334
681;297;4.285714285714286
681;422;8.0
681;449;7.25
681;611;29.0
681;747;9.333333333333334
681;835;6.0
681;907;6.2
213;230;17.0
230;675;6.333333333333333
449;297;5.666666666666667
835;515;17.0
835;610;16.0
747;675;14.0
907;369;14.0
907;466;17.0
907;675;17.0
144;650;20.0
144;936;15.0
144;843;14.0
144;273;18.0
645;972;3.75
197;143;14.0
197;873;11.0
839;383;10.0
114;897;3.6666666666666665
114;583;3.75
114;609;4.0
114;363;4.666666666666667
114;727;4.0
897;276;10.0
897;363;3.6666666666666665
583;920;3.2
583;609;3.5
583;727;5.0
609;920;4.666666666666667
609;610;14.0
363;215;5.666666666666667
363;727;4.333333333333333
727;215;5.333333333333333
727;610;15.0
459;364;5.0
459;683;3.7142857142857144
364;131;19.0
364;683;4.666666666666667
364;950;17.0
725;226;4.333333333333333
725;683;6.75
258;156;7.333333333333333
258;173;6.666666666666667
258;180;4.666666666666667
258;183;12.0
258;774;15.0
258;523;5.0
258;644;2.6666666666666665
258;326;16.0
618;360;14.0
618;383;3.25
760;156;22.0
760;173;17.0
760;288;14.0
289;739;1.8333333333333333
610;483;4.666666666666667
610;920;16.0
124;919;3.6666666666666665
919;432;3.6666666666666665
919;495;5.333333333333333
669;505;16.0
669;529;16.0
669;968;4.666666666666667
669;909;3.0
607;279;15.0
128;641;2.4
641;452;3.6666666666666665
641;914;12.0
737;158;6.333333333333333
737;539;6.0
737;558;5.0
737;561;13.0
450;657;18.0
130;137;16.0
130;564;5.333333333333333
130;905;4.666666666666667
130;388;3.4
130;801;16.0
130;804;4.666666666666667
130;563;3.4
137;296;16.0
137;650;16.0
137;498;13.0
564;173;21.0
564;388;5.333333333333333
564;896;12.0
905;264;3.6666666666666665
905;388;3.5
905;647;13.0
905;650;13.0
388;264;4.0
388;498;3.75
388;563;4.5
801;647;4.666666666666667
804;563;3.5
804;647;15.0
563;650;3.4
563;896;3.25
131;523;5.666666666666667
131;644;4.0
131;505;15.0
131;931;4.333333333333333
131;651;3.0
131;280;4.333333333333333
523;156;7.666666666666667
523;173;6.666666666666667
523;505;13.0
523;644;2.8333333333333335
523;774;16.0
523;838;16.0
644;156;4.6
644;173;3.8
644;180;5.0
644;280;4.666666666666667
644;589;4.666666666666667
644;931;3.0
644;886;15.0
644;651;2.142857142857143
505;156;23.0
505;173;19.0
505;774;14.0
931;156;7.333333333333333
931;173;4.0
931;589;2.5
931;651;1.8333333333333333
651;156;2.75
651;173;3.1666666666666665
651;280;2.4
651;316;3.25
651;438;16.0
651;838;5.0
280;156;7.666666666666667
280;968;14.0
856;274;5.666666666666667
856;457;13.0
856;614;13.0
849;291;14.0
516;143;4.333333333333333
516;968;5.333333333333333
516;522;3.25
516;909;4.666666666666667
516;682;3.0
529;968;17.0
529;909;16.0
968;522;13.0
264;647;14.0
264;650;15.0
264;498;4.333333333333333
647;455;17.0
647;650;5.0
650;896;4.333333333333333
498;643;18.0
643;305;18.0
296;539;7.333333333333333
296;981;17.0
296;740;19.0
138;836;14.0
138;695;12.0
138;553;12.0
836;163;7.333333333333333
836;427;7.0
836;453;2.4
836;684;4.666666666666667
695;285;2.2
695;559;4.0
695;833;2.6666666666666665
553;285;4.333333333333333
553;559;2.75
553;861;3.3333333333333335
305;683;3.857142857142857
305;581;22.0
683;226;6.25
143;682;2.6666666666666665
682;522;3.0
936;455;12.0
843;561;11.0
273;291;17.0
145;942;11.0
145;346;3.3333333333333335
145;163;6.333333333333333
145;427;6.0
942;163;6.333333333333333
942;291;3.25
942;427;6.0
346;163;6.333333333333333
346;291;4.666666666666667
163;427;6.333333333333333
163;882;5.666666666666667
163;684;4.75
163;434;6.0
163;453;3.6
163;661;3.6
163;291;2.857142857142857
427;291;3.3333333333333335
427;453;3.4
427;434;5.666666666666667
427;684;4.5
427;661;3.4
427;882;5.333333333333333
427;433;20.0
189;777;6.0
189;933;24.0
189;337;21.0
189;950;6.666666666666667
189;571;21.0
313;457;18.0
313;933;19.0
313;575;4.666666666666667
313;761;14.0
313;581;6.333333333333333
318;494;18.0
274;158;8.0
274;188;7.333333333333333
274;657;25.0
274;539;7.666666666666667
274;561;18.0
541;188;22.0
541;494;3.3333333333333335
541;740;19.0
541;863;17.0
541;965;3.75
150;869;5.0
150;543;5.666666666666667
150;158;6.666666666666667
869;198;12.0
869;356;4.0
869;561;14.0
869;657;20.0
543;356;4.666666666666667
543;399;5.666666666666667
543;494;4.5
543;981;5.0
543;584;4.666666666666667
158;863;5.333333333333333
158;198;19.0
158;740;21.0
158;494;24.0
151;540;2.75
540;524;2.6
524;353;12.0
156;180;24.0
156;183;21.0
156;774;7.333333333333333
156;838;7.666666666666667
156;173;8.0
156;316;7.0
156;621;28.0
156;977;23.0
180;772;3.0
180;589;3.6666666666666665
183;774;11.0
183;316;9.0
774;316;13.0
173;589;4.25
173;316;6.0
173;772;5.333333333333333
977;279;15.0
547;290;2.5
198;817;12.0
198;356;11.0
740;188;19.0
740;193;15.0
740;399;17.0
740;575;16.0
740;614;15.0
494;356;18.0
494;981;4.25
259;404;11.0
259;545;2.6666666666666665
374;226;15.0
882;661;2.0
684;434;2.2
684;453;2.2
434;661;11.0
453;661;2.75
291;960;16.0
538;927;3.5
285;559;2.5
285;833;2.6666666666666665
559;861;2.6666666666666665
988;539;15.0
657;614;21.0
333;972;10.0
445;193;3.3333333333333335
445;215;15.0
445;404;11.0
986;568;11.0
986;649;4.0
589;772;1.75
630;452;14.0
511;250;12.0
511;402;12.0
337;574;13.0
933;571;15.0
821;581;16.0
356;817;13.0
945;276;12.0
945;483;13.0
614;188;6.0
614;817;15.0
188;561;5.666666666666667
561;539;18.0
571;215;17.0
981;558;16.0
873;500;12.0
817;558;17.0
817;584;13.0
568;649;3.3333333333333335
749;649;10.0
279;878;14.0
857;491;11.0
426;239;5.0
426;275;4.333333333333333
426;960;5.0
794;546;10.0
539;686;18.0
215;276;15.0
215;920;18.0
276;920;15.0
454;574;2.0
228;372;3.0
228;751;5.25
372;751;5.333333333333333
751;463;19.0
751;640;6.333333333333333
442;455;15.0
352;713;3.3333333333333335
317;326;3.3333333333333335
495;432;5.666666666666667
495;722;3.4
495;500;23.0
239;275;4.0
239;380;3.6666666666666665
275;380;3.0
827;329;16.0
827;399;20.0
713;654;12.0
323;326;10.0
253;965;10.0
253;457;13.0
253;469;13.0
457;530;4.333333333333333
457;466;15.0
457;784;3.3333333333333335
457;928;4.666666666666667
469;466;5.0
469;928;3.5
469;640;20.0
383;937;3.0
383;500;3.5
404;545;10.0
404;483;4.333333333333333
654;335;12.0
654;927;14.0
335;928;14.0
399;558;5.333333333333333
558;991;4.0
581;575;17.0
438;872;9.0
438;463;16.0
640;776;15.0
466;951;3.3333333333333335
378;463;4.666666666666667
376;474;5.0
474;776;13.0
937;500;3.6666666666666665
500;522;15.0
500;762;11.0
546;584;11.0
483;515;16.0
530;784;2.6666666666666665
909;522;3.3333333333333335
