0;635;1
0;180;1
0;126;1
0;778;1
0;733;1
0;308;1
0;747;1
0;0;1
0;286;1
0;625;1
0;962;1
0;580;1
1;797;1
1;800;1
1;736;1
1;699;1
1;77;1
1;269;1
1;151;1
1;101;1
2;225;1
2;507;1
2;70;1
2;406;1
2;26;1
2;416;1
2;813;1
2;821;1
2;487;1
2;702;1
3;474;1
3;67;1
3;924;1
3;280;1
3;660;1
3;824;1
3;160;1
3;382;1
4;780;1
4;527;1
4;638;1
4;627;1
4;400;1
4;168;1
4;473;1
4;14;1
4;413;1
4;29;1
4;887;1
5;746;1
5;791;1
5;56;1
5;351;1
5;192;1
5;661;1
5;873;1
5;882;1
5;856;1
5;266;1
5;336;1
5;355;1
6;837;1
6;933;1
6;255;1
6;646;1
6;819;1
6;518;1
6;321;1
6;6;1
6;411;1
6;509;1
6;657;1
6;399;1
6;290;1
7;854;1
7;858;1
7;291;1
7;492;1
7;995;1
7;7;1
7;457;1
7;954;1
7;256;1
7;948;1
7;698;1
7;938;1
7;264;1
7;439;1
7;461;1
7;187;1
7;376;1
7;805;1
7;183;1
7;188;1
7;459;1
8;129;1
8;902;1
8;8;1
8;218;1
8;188;1
9;176;1
9;480;1
9;25;1
9;999;1
9;288;1
9;653;1
9;720;1
10;649;1
10;331;1
10;542;1
10;317;1
10;789;1
10;213;1
10;975;1
10;240;1
10;486;1
10;17;1
10;157;1
11;139;1
11;927;1
11;759;1
11;260;1
11;299;1
11;898;1
11;11;1
11;123;1
11;143;1
11;175;1
12;848;1
12;12;1
12;506;1
12;441;1
12;456;1
12;509;1
12;803;1
12;852;1
13;210;1
13;721;1
13;787;1
13;971;1
13;142;1
13;73;1
13;36;1
13;198;1
13;398;1
13;211;1
13;742;1
14;520;1
14;904;1
14;865;1
14;638;1
14;168;1
14;360;1
14;230;1
14;527;1
14;896;1
14;400;1
14;887;1
15;241;1
15;772;1
15;672;1
15;20;1
15;524;1
15;18;1
15;22;1
15;810;1
15;216;1
15;501;1
16;585;1
16;718;1
16;67;1
16;280;1
16;93;1
16;660;1
16;828;1
16;870;1
16;160;1
17;331;1
17;975;1
17;240;1
17;542;1
17;789;1
17;80;1
18;519;1
18;46;1
18;772;1
18;781;1
18;621;1
18;388;1
18;803;1
18;284;1
18;370;1
18;350;1
18;238;1
18;216;1
18;199;1
18;22;1
18;606;1
18;239;1
18;501;1
19;136;1
19;785;1
19;219;1
19;265;1
19;640;1
19;917;1
19;974;1
19;491;1
20;288;1
20;781;1
20;784;1
20;501;1
20;113;1
20;216;1
20;772;1
20;666;1
20;209;1
20;810;1
21;267;1
21;790;1
21;841;1
21;704;1
21;21;1
21;943;1
21;208;1
22;588;1
22;781;1
22;249;1
22;173;1
22;284;1
22;221;1
22;224;1
22;772;1
22;378;1
22;501;1
22;605;1
22;388;1
22;49;1
22;810;1
22;216;1
23;343;1
23;146;1
23;801;1
23;157;1
23;397;1
23;191;1
23;578;1
23;855;1
24;398;1
24;529;1
24;788;1
24;971;1
24;641;1
24;211;1
24;626;1
24;99;1
24;994;1
24;781;1
25;219;1
25;132;1
25;176;1
25;985;1
25;812;1
25;450;1
25;201;1
25;999;1
25;357;1
26;49;1
26;149;1
26;267;1
26;566;1
26;48;1
26;565;1
26;208;1
27;707;1
27;455;1
27;147;1
27;957;1
27;156;1
27;971;1
27;30;1
27;799;1
28;724;1
28;546;1
28;252;1
28;372;1
28;770;1
28;28;1
28;959;1
28;85;1
28;379;1
29;522;1
29;887;1
29;79;1
29;425;1
29;865;1
29;534;1
29;164;1
29;527;1
29;512;1
29;908;1
29;678;1
29;888;1
29;530;1
29;566;1
30;119;1
30;818;1
30;957;1
30;983;1
30;148;1
30;455;1
30;147;1
30;886;1
30;799;1
31;896;1
31;479;1
31;354;1
31;714;1
31;528;1
31;848;1
31;585;1
31;361;1
31;934;1
31;839;1
31;327;1
31;462;1
31;719;1
31;731;1
31;251;1
32;259;1
32;449;1
32;456;1
32;233;1
32;506;1
32;462;1
32;33;1
32;186;1
33;456;1
33;509;1
33;506;1
33;186;1
33;311;1
33;233;1
34;310;1
34;678;1
34;795;1
34;117;1
34;444;1
34;835;1
34;530;1
34;436;1
35;423;1
35;519;1
35;547;1
35;167;1
35;511;1
35;561;1
35;986;1
35;307;1
35;675;1
35;608;1
35;558;1
35;179;1
35;202;1
35;751;1
35;71;1
35;909;1
36;906;1
36;73;1
36;787;1
36;537;1
36;718;1
36;99;1
36;404;1
37;523;1
37;779;1
37;911;1
37;483;1
37;244;1
37;851;1
37;232;1
37;395;1
37;430;1
38;136;1
38;265;1
38;727;1
38;764;1
38;433;1
38;90;1
38;219;1
38;552;1
39;268;1
39;304;1
39;326;1
39;215;1
39;850;1
39;42;1
39;195;1
40;257;1
40;269;1
40;151;1
40;101;1
40;755;1
40;797;1
40;153;1
41;778;1
41;562;1
41;642;1
41;624;1
41;900;1
41;674;1
41;964;1
41;111;1
41;374;1
41;505;1
41;248;1
41;422;1
41;916;1
41;914;1
41;403;1
41;41;1
41;757;1
41;541;1
41;752;1
41;315;1
41;152;1
41;87;1
41;45;1
41;366;1
41;925;1
42;847;1
42;42;1
42;646;1
42;557;1
43;262;1
43;539;1
43;681;1
43;271;1
43;725;1
43;77;1
43;389;1
43;570;1
43;881;1
43;253;1
43;63;1
43;235;1
43;288;1
43;205;1
43;640;1
44;270;1
44;586;1
44;801;1
44;776;1
44;83;1
44;191;1
44;575;1
44;68;1
45;642;1
45;778;1
45;624;1
45;125;1
45;374;1
45;757;1
45;900;1
45;674;1
45;562;1
45;505;1
45;83;1
45;120;1
46;547;1
46;548;1
46;561;1
46;261;1
46;307;1
46;179;1
46;706;1
46;467;1
46;751;1
47;903;1
47;557;1
47;437;1
47;560;1
47;462;1
47;195;1
48;267;1
48;407;1
48;790;1
48;208;1
48;565;1
48;869;1
49;178;1
49;267;1
49;790;1
49;208;1
49;134;1
50;991;1
50;341;1
50;764;1
50;762;1
50;872;1
50;917;1
50;396;1
50;333;1
51;929;1
51;550;1
51;193;1
51;83;1
51;449;1
51;817;1
51;51;1
51;447;1
51;768;1
52;150;1
52;52;1
52;812;1
52;200;1
52;997;1
53;955;1
53;648;1
53;660;1
53;280;1
53;414;1
53;549;1
53;67;1
53;925;1
53;93;1
53;913;1
53;772;1
54;819;1
54;255;1
54;411;1
54;837;1
54;184;1
54;693;1
54;372;1
55;908;1
55;386;1
55;923;1
55;161;1
55;429;1
55;464;1
55;868;1
55;102;1
56;791;1
56;59;1
56;614;1
56;169;1
56;336;1
56;355;1
56;499;1
57;775;1
57;678;1
57;935;1
57;816;1
57;57;1
57;66;1
58;737;1
58;416;1
58;181;1
58;877;1
58;739;1
58;813;1
58;768;1
58;709;1
58;711;1
58;487;1
58;234;1
58;507;1
59;531;1
59;791;1
59;356;1
59;882;1
59;266;1
59;192;1
59;158;1
59;614;1
59;528;1
59;336;1
59;861;1
59;355;1
60;686;1
60;190;1
60;165;1
60;617;1
60;685;1
60;763;1
60;328;1
60;961;1
60;464;1
60;854;1
61;530;1
61;401;1
61;440;1
61;359;1
61;712;1
61;166;1
61;65;1
61;309;1
61;221;1
61;600;1
62;138;1
62;397;1
62;279;1
62;555;1
62;822;1
62;737;1
62;498;1
62;416;1
62;202;1
63;539;1
63;551;1
63;942;1
63;570;1
63;205;1
63;867;1
63;144;1
63;620;1
63;135;1
64;289;1
64;143;1
64;130;1
64;926;1
64;135;1
64;650;1
64;421;1
64;859;1
64;867;1
64;197;1
64;491;1
64;441;1
65;780;1
65;530;1
65;401;1
65;289;1
65;189;1
65;237;1
65;600;1
66;169;1
66;177;1
66;436;1
66;312;1
66;825;1
66;518;1
66;608;1
67;74;1
67;280;1
67;828;1
67;660;1
67;758;1
67;925;1
67;924;1
67;528;1
68;146;1
68;405;1
68;776;1
68;575;1
68;137;1
68;972;1
69;380;1
69;342;1
69;348;1
69;335;1
69;792;1
69;796;1
69;253;1
70;783;1
70;181;1
70;70;1
70;880;1
70;226;1
70;507;1
70;739;1
70;416;1
70;344;1
70;843;1
70;827;1
70;756;1
70;323;1
70;225;1
70;442;1
70;952;1
70;314;1
70;118;1
70;821;1
70;395;1
70;956;1
70;368;1
70;634;1
70;985;1
70;715;1
70;755;1
70;932;1
70;308;1
70;487;1
71;895;1
71;842;1
71;384;1
71;133;1
71;774;1
71;651;1
71;282;1
71;285;1
71;963;1
71;305;1
71;298;1
71;408;1
71;662;1
71;876;1
71;695;1
71;806;1
71;71;1
71;639;1
71;245;1
71;562;1
71;978;1
71;872;1
72;345;1
72;301;1
72;947;1
72;180;1
72;311;1
72;92;1
72;478;1
72;87;1
73;398;1
73;787;1
73;788;1
73;966;1
73;718;1
73;211;1
73;702;1
74;430;1
74;682;1
74;548;1
74;511;1
74;751;1
75;795;1
75;312;1
75;835;1
75;177;1
75;816;1
75;169;1
75;315;1
75;231;1
76;768;1
76;272;1
76;911;1
76;278;1
76;602;1
76;155;1
76;496;1
76;648;1
76;805;1
76;347;1
76;232;1
76;495;1
76;651;1
77;287;1
77;551;1
77;942;1
77;936;1
77;725;1
77;213;1
78;897;1
78;324;1
78;520;1
78;399;1
78;328;1
78;154;1
79;904;1
79;908;1
79;887;1
79;972;1
80;396;1
80;150;1
80;934;1
80;573;1
80;293;1
80;313;1
80;182;1
80;91;1
80;302;1
80;681;1
81;168;1
81;417;1
81;318;1
81;961;1
81;686;1
81;271;1
81;349;1
82;327;1
82;397;1
82;279;1
82;690;1
82;110;1
82;879;1
82;943;1
82;737;1
83;798;1
83;817;1
83;449;1
83;193;1
83;83;1
83;447;1
83;597;1
83;295;1
83;214;1
83;126;1
83;787;1
84;397;1
84;337;1
84;460;1
84;724;1
84;516;1
84;372;1
84;770;1
84;114;1
84;870;1
84;990;1
84;885;1
84;252;1
84;863;1
84;215;1
84;598;1
85;524;1
85;194;1
85;583;1
85;724;1
85;337;1
85;483;1
85;990;1
86;558;1
86;607;1
86;682;1
86;548;1
86;694;1
86;599;1
86;485;1
86;751;1
87;936;1
87;318;1
87;464;1
87;686;1
87;102;1
87;161;1
87;429;1
87;923;1
87;87;1
87;961;1
87;763;1
87;458;1
87;849;1
87;519;1
87;349;1
88;304;1
88;437;1
88;326;1
88;88;1
88;560;1
88;268;1
88;589;1
89;138;1
89;279;1
89;89;1
89;886;1
89;365;1
89;697;1
89;555;1
89;564;1
89;830;1
89;717;1
89;955;1
89;690;1
89;265;1
89;737;1
89;152;1
89;707;1
90;917;1
90;469;1
90;991;1
90;762;1
90;872;1
90;341;1
90;136;1
90;981;1
90;250;1
90;393;1
90;727;1
90;178;1
90;90;1
90;555;1
90;446;1
90;645;1
90;453;1
91;934;1
91;573;1
91;708;1
91;407;1
91;156;1
92;398;1
92;301;1
92;947;1
92;563;1
92;180;1
92;311;1
92;729;1
92;330;1
92;339;1
92;937;1
92;236;1
92;569;1
92;676;1
92;465;1
92;692;1
92;545;1
92;694;1
92;246;1
92;554;1
92;395;1
92;478;1
93;912;1
93;280;1
93;414;1
93;160;1
93;113;1
94;164;1
94;385;1
94;145;1
94;786;1
94;316;1
94;988;1
94;791;1
95;296;1
95;427;1
95;812;1
95;95;1
95;140;1
95;98;1
95;999;1
96;579;1
96;104;1
96;834;1
96;716;1
96;989;1
96;732;1
96;97;1
96;363;1
96;770;1
97;579;1
97;170;1
97;834;1
97;528;1
97;693;1
97;826;1
98;812;1
98;201;1
98;611;1
98;891;1
98;999;1
98;291;1
99;701;1
99;663;1
99;210;1
99;343;1
99;966;1
99;721;1
99;671;1
99;906;1
99;641;1
99;788;1
99;787;1
99;484;1
99;601;1
99;996;1
99;829;1
99;402;1
99;494;1
99;336;1
100;911;1
100;155;1
100;347;1
100;907;1
100;452;1
101;581;1
101;151;1
101;800;1
101;101;1
101;755;1
101;699;1
101;269;1
101;736;1
101;811;1
102;279;1
102;434;1
102;318;1
102;464;1
102;340;1
102;349;1
102;936;1
102;417;1
102;458;1
102;961;1
102;175;1
103;291;1
103;948;1
103;227;1
103;556;1
103;299;1
103;493;1
104;163;1
104;170;1
104;693;1
104;579;1
104;743;1
104;669;1
105;397;1
105;279;1
105;553;1
105;701;1
105;737;1
105;365;1
106;279;1
106;993;1
106;259;1
106;939;1
106;513;1
106;588;1
106;138;1
106;510;1
106;701;1
106;830;1
106;605;1
106;498;1
107;770;1
107;516;1
107;724;1
107;726;1
107;785;1
107;114;1
107;379;1
108;169;1
108;825;1
108;722;1
108;177;1
108;149;1
108;491;1
108;233;1
109;844;1
109;384;1
109;662;1
109;285;1
109;695;1
109;408;1
109;395;1
109;964;1
110;138;1
110;397;1
110;279;1
110;690;1
110;717;1
110;737;1
111;778;1
111;403;1
111;916;1
111;674;1
111;964;1
112;272;1
112;911;1
112;347;1
112;523;1
112;757;1
112;497;1
113;712;1
113;772;1
113;781;1
113;543;1
113;606;1
113;501;1
114;148;1
114;846;1
114;743;1
114;460;1
114;379;1
114;516;1
114;856;1
114;726;1
114;337;1
114;194;1
114;114;1
114;155;1
115;967;1
115;408;1
115;878;1
115;266;1
115;158;1
115;192;1
115;336;1
115;355;1
115;907;1
116;941;1
116;147;1
116;156;1
116;415;1
116;818;1
116;224;1
117;169;1
117;816;1
117;829;1
117;248;1
117;297;1
118;471;1
118;783;1
118;181;1
118;226;1
118;507;1
118;936;1
119;365;1
119;779;1
119;455;1
119;983;1
119;799;1
120;778;1
120;315;1
120;964;1
120;366;1
120;626;1
121;947;1
121;180;1
121;866;1
121;729;1
121;788;1
122;258;1
122;644;1
122;418;1
122;327;1
122;719;1
122;257;1
123;601;1
123;385;1
123;514;1
123;390;1
123;786;1
123;297;1
123;988;1
124;719;1
124;786;1
124;576;1
124;749;1
124;497;1
124;613;1
124;396;1
124;789;1
125;778;1
125;366;1
125;674;1
125;992;1
126;265;1
126;917;1
126;424;1
126;981;1
126;219;1
126;652;1
127;295;1
127;581;1
127;531;1
127;336;1
127;355;1
127;356;1
128;570;1
128;725;1
128;205;1
128;262;1
128;275;1
128;539;1
128;942;1
128;867;1
129;399;1
129;324;1
129;897;1
129;857;1
129;833;1
129;520;1
130;391;1
130;909;1
130;777;1
130;130;1
130;426;1
130;878;1
130;421;1
130;536;1
130;412;1
130;804;1
130;836;1
130;428;1
130;263;1
130;306;1
130;823;1
130;650;1
130;346;1
130;926;1
130;197;1
130;329;1
130;307;1
130;689;1
130;174;1
130;419;1
130;491;1
131;817;1
131;474;1
131;953;1
131;864;1
131;466;1
131;954;1
131;895;1
131;687;1
131;183;1
131;854;1
132;177;1
132;427;1
132;611;1
132;883;1
132;388;1
132;812;1
132;720;1
132;998;1
133;963;1
133;305;1
133;282;1
133;806;1
133;978;1
133;774;1
133;876;1
133;133;1
133;535;1
133;285;1
134;753;1
134;192;1
134;568;1
134;356;1
134;661;1
134;905;1
134;861;1
134;746;1
134;531;1
134;355;1
135;984;1
135;640;1
135;391;1
135;649;1
135;290;1
135;777;1
135;823;1
135;878;1
135;536;1
135;965;1
135;353;1
135;412;1
135;306;1
135;263;1
135;804;1
135;242;1
135;135;1
135;421;1
135;750;1
135;915;1
135;329;1
135;926;1
135;650;1
135;491;1
135;836;1
135;859;1
135;909;1
135;221;1
135;838;1
135;419;1
135;197;1
135;239;1
136;470;1
136;469;1
136;250;1
136;519;1
136;917;1
136;654;1
137;898;1
137;260;1
137;139;1
137;674;1
137;521;1
137;658;1
137;508;1
138;513;1
138;423;1
138;218;1
138;259;1
138;690;1
138;584;1
138;830;1
138;592;1
138;397;1
138;279;1
138;185;1
138;543;1
139;898;1
139;260;1
139;521;1
139;403;1
139;143;1
139;658;1
139;930;1
139;853;1
139;508;1
140;440;1
140;530;1
140;289;1
140;913;1
140;650;1
140;680;1
140;482;1
141;179;1
141;261;1
141;511;1
141;979;1
141;706;1
141;844;1
141;149;1
141;918;1
141;874;1
141;751;1
142;788;1
142;787;1
142;996;1
142;343;1
142;976;1
142;703;1
142;663;1
142;966;1
142;718;1
142;210;1
142;211;1
143;793;1
143;153;1
143;143;1
143;273;1
143;853;1
143;175;1
143;927;1
143;438;1
143;299;1
143;288;1
143;446;1
143;381;1
143;930;1
143;658;1
143;898;1
143;521;1
143;713;1
143;504;1
143;540;1
143;231;1
143;248;1
144;532;1
144;951;1
144;654;1
144;480;1
144;443;1
144;448;1
145;416;1
145;994;1
145;613;1
145;766;1
145;576;1
145;786;1
145;300;1
145;394;1
145;749;1
145;228;1
145;921;1
145;223;1
145;283;1
145;871;1
145;652;1
145;497;1
145;753;1
145;952;1
145;316;1
145;988;1
145;618;1
146;554;1
146;191;1
146;157;1
146;801;1
146;578;1
146;146;1
146;405;1
146;420;1
146;270;1
146;855;1
146;928;1
146;652;1
146;919;1
146;802;1
147;156;1
147;148;1
147;478;1
147;799;1
148;211;1
148;707;1
148;818;1
148;799;1
148;583;1
149;407;1
149;208;1
149;152;1
149;790;1
150;396;1
150;150;1
150;970;1
150;182;1
150;735;1
150;431;1
150;302;1
150;281;1
150;573;1
150;275;1
150;940;1
151;736;1
151;797;1
151;699;1
151;269;1
151;151;1
151;865;1
152;394;1
152;749;1
152;688;1
152;297;1
152;615;1
153;800;1
153;521;1
153;157;1
153;540;1
153;175;1
154;820;1
154;897;1
154;399;1
154;324;1
154;525;1
154;857;1
154;520;1
154;833;1
154;594;1
154;296;1
154;415;1
154;440;1
155;911;1
155;278;1
155;523;1
155;524;1
155;779;1
155;835;1
155;232;1
156;156;1
156;415;1
156;818;1
156;707;1
156;799;1
157;656;1
157;578;1
157;710;1
157;928;1
157;536;1
157;586;1
158;791;1
158;862;1
158;571;1
158;630;1
158;482;1
158;568;1
158;266;1
158;750;1
158;861;1
158;351;1
158;355;1
159;246;1
159;465;1
159;159;1
159;676;1
159;212;1
159;610;1
159;945;1
159;452;1
159;947;1
159;264;1
159;301;1
159;180;1
159;311;1
160;597;1
160;924;1
160;828;1
160;160;1
160;414;1
160;660;1
160;758;1
160;382;1
160;549;1
160;231;1
160;472;1
161;686;1
161;349;1
161;190;1
161;849;1
161;961;1
161;435;1
161;318;1
161;873;1
161;983;1
162;398;1
162;788;1
162;671;1
162;663;1
162;333;1
162;718;1
162;210;1
162;385;1
163;989;1
163;716;1
163;834;1
163;811;1
163;327;1
163;348;1
163;256;1
164;904;1
164;274;1
164;534;1
164;667;1
164;413;1
164;527;1
164;627;1
165;923;1
165;686;1
165;190;1
165;987;1
165;677;1
165;732;1
165;683;1
165;464;1
165;458;1
165;763;1
165;417;1
165;957;1
165;318;1
165;340;1
165;868;1
166;203;1
166;973;1
166;289;1
166;401;1
166;913;1
166;774;1
166;440;1
167;607;1
167;860;1
167;261;1
167;167;1
167;986;1
167;485;1
167;692;1
167;307;1
167;179;1
167;706;1
167;467;1
167;751;1
167;341;1
168;769;1
168;522;1
168;908;1
168;887;1
168;888;1
169;218;1
169;775;1
169;410;1
169;320;1
169;816;1
169;444;1
169;169;1
169;659;1
169;232;1
169;429;1
170;579;1
170;811;1
170;989;1
170;170;1
171;345;1
171;709;1
171;314;1
171;344;1
171;204;1
171;827;1
171;987;1
171;181;1
171;952;1
171;487;1
171;234;1
172;907;1
172;523;1
172;278;1
172;911;1
172;602;1
172;749;1
172;232;1
173;772;1
173;781;1
173;672;1
173;201;1
173;216;1
173;222;1
173;501;1
174;683;1
174;349;1
174;429;1
174;987;1
174;487;1
174;340;1
175;260;1
175;521;1
175;713;1
175;898;1
175;504;1
175;793;1
175;540;1
175;930;1
175;175;1
175;288;1
175;381;1
175;508;1
175;273;1
175;759;1
175;244;1
175;836;1
176;608;1
176;653;1
176;665;1
176;812;1
176;999;1
176;357;1
177;835;1
177;312;1
177;722;1
177;935;1
177;436;1
177;231;1
177;456;1
178;822;1
178;771;1
178;392;1
178;219;1
179;430;1
179;561;1
179;607;1
179;519;1
179;860;1
179;261;1
179;874;1
179;751;1
179;905;1
179;490;1
179;511;1
180;301;1
180;945;1
180;947;1
180;433;1
180;339;1
180;545;1
180;676;1
180;809;1
180;610;1
180;842;1
180;481;1
180;236;1
180;765;1
180;937;1
180;364;1
180;700;1
180;730;1
180;452;1
180;569;1
180;694;1
180;338;1
180;212;1
180;330;1
180;670;1
180;370;1
180;491;1
180;311;1
180;650;1
181;416;1
181;593;1
181;344;1
181;985;1
181;314;1
181;368;1
181;827;1
181;226;1
181;880;1
181;843;1
181;487;1
181;507;1
181;711;1
181;952;1
181;489;1
181;754;1
181;709;1
181;756;1
181;783;1
181;821;1
181;813;1
181;739;1
181;956;1
181;181;1
181;715;1
181;373;1
181;323;1
181;877;1
181;395;1
181;234;1
181;225;1
181;206;1
181;634;1
181;442;1
181;480;1
181;263;1
181;870;1
181;791;1
182;396;1
182;275;1
182;293;1
182;934;1
182;431;1
182;987;1
183;294;1
183;556;1
183;864;1
183;902;1
183;459;1
183;636;1
183;854;1
183;461;1
183;466;1
183;687;1
183;256;1
183;352;1
183;881;1
183;766;1
183;475;1
184;837;1
184;646;1
184;657;1
184;933;1
184;254;1
184;255;1
185;397;1
185;279;1
185;992;1
185;365;1
185;488;1
185;939;1
185;564;1
185;553;1
185;886;1
185;493;1
185;737;1
185;394;1
186;904;1
186;456;1
186;506;1
186;824;1
186;441;1
186;257;1
187;798;1
187;817;1
187;929;1
187;187;1
187;560;1
187;447;1
187;709;1
188;938;1
188;946;1
188;619;1
188;738;1
188;439;1
188;352;1
188;319;1
188;227;1
188;492;1
188;294;1
188;556;1
188;256;1
188;698;1
188;636;1
188;734;1
188;767;1
188;291;1
188;687;1
188;555;1
188;605;1
188;858;1
188;493;1
189;401;1
189;941;1
189;203;1
189;334;1
189;712;1
189;359;1
190;361;1
190;386;1
190;684;1
190;434;1
190;349;1
191;776;1
191;919;1
191;420;1
191;656;1
191;802;1
191;928;1
191;710;1
191;586;1
191;405;1
191;801;1
191;920;1
191;381;1
192;266;1
192;791;1
192;873;1
192;571;1
192;356;1
192;630;1
192;590;1
192;614;1
192;499;1
192;905;1
192;333;1
192;336;1
193;798;1
193;550;1
193;447;1
193;597;1
193;295;1
193;820;1
193;786;1
193;419;1
194;730;1
194;546;1
194;726;1
194;515;1
194;598;1
194;376;1
195;697;1
195;507;1
195;557;1
195;268;1
195;500;1
195;214;1
195;847;1
195;215;1
196;985;1
196;533;1
196;958;1
196;572;1
196;969;1
196;740;1
196;567;1
196;391;1
196;332;1
196;745;1
196;494;1
197;650;1
197;419;1
197;306;1
197;909;1
197;346;1
197;290;1
197;428;1
197;836;1
197;421;1
197;491;1
197;870;1
197;353;1
198;929;1
198;550;1
198;295;1
198;817;1
198;433;1
199;942;1
199;653;1
199;247;1
199;450;1
199;357;1
199;998;1
199;742;1
199;201;1
199;720;1
200;773;1
200;453;1
200;609;1
200;383;1
200;934;1
200;332;1
200;494;1
200;243;1
200;629;1
201;653;1
201;812;1
201;427;1
201;345;1
201;999;1
201;357;1
202;279;1
202;918;1
202;706;1
202;519;1
202;261;1
202;682;1
202;675;1
202;751;1
202;984;1
203;335;1
203;913;1
203;401;1
203;309;1
203;520;1
203;600;1
204;416;1
204;323;1
204;314;1
204;634;1
204;484;1
204;487;1
204;234;1
204;732;1
205;539;1
205;942;1
205;287;1
205;262;1
205;389;1
205;570;1
205;652;1
205;503;1
206;821;1
206;314;1
206;709;1
206;550;1
207;533;1
207;383;1
207;645;1
207;969;1
207;629;1
207;567;1
207;609;1
207;392;1
207;977;1
208;234;1
208;751;1
208;670;1
208;790;1
208;704;1
208;702;1
208;909;1
208;475;1
209;230;1
209;574;1
209;454;1
209;537;1
209;209;1
209;967;1
209;428;1
209;628;1
210;906;1
210;788;1
210;210;1
210;966;1
210;343;1
210;529;1
210;641;1
210;601;1
210;718;1
210;971;1
210;721;1
210;505;1
210;920;1
210;211;1
211;788;1
211;211;1
211;663;1
211;742;1
211;996;1
211;343;1
211;641;1
212;670;1
212;937;1
212;809;1
212;947;1
212;311;1
212;365;1
212;364;1
213;743;1
213;975;1
213;789;1
213;369;1
214;929;1
214;838;1
214;449;1
214;597;1
214;317;1
215;338;1
215;268;1
215;326;1
215;304;1
215;215;1
216;388;1
216;501;1
216;810;1
216;772;1
216;621;1
216;803;1
216;378;1
216;370;1
216;605;1
216;224;1
216;350;1
216;284;1
216;239;1
216;515;1
216;543;1
216;784;1
216;216;1
216;672;1
216;674;1
216;231;1
216;536;1
217;918;1
217;548;1
217;558;1
217;960;1
217;307;1
217;860;1
217;926;1
217;751;1
217;401;1
218;397;1
218;279;1
218;831;1
218;992;1
218;510;1
218;820;1
218;737;1
219;265;1
219;606;1
220;574;1
220;959;1
220;454;1
220;468;1
220;728;1
220;477;1
220;548;1
221;875;1
221;279;1
221;276;1
221;670;1
222;784;1
222;543;1
222;388;1
222;666;1
222;249;1
222;239;1
222;702;1
222;501;1
223;582;1
223;652;1
223;988;1
223;708;1
224;347;1
224;781;1
224;543;1
224;810;1
224;606;1
224;238;1
224;224;1
224;908;1
224;501;1
225;323;1
225;468;1
225;353;1
226;395;1
226;416;1
226;709;1
226;698;1
226;487;1
226;507;1
227;690;1
227;400;1
227;264;1
227;472;1
227;352;1
227;465;1
228;394;1
228;921;1
228;688;1
228;582;1
228;988;1
229;933;1
229;344;1
229;265;1
229;917;1
229;981;1
229;337;1
230;780;1
230;908;1
230;400;1
230;887;1
230;591;1
231;775;1
231;608;1
231;482;1
232;899;1
232;523;1
232;779;1
232;272;1
232;244;1
232;483;1
232;496;1
232;840;1
232;997;1
233;735;1
233;456;1
233;509;1
233;506;1
233;975;1
234;821;1
234;487;1
234;952;1
234;754;1
234;395;1
234;813;1
234;739;1
234;711;1
234;344;1
234;345;1
234;634;1
234;489;1
234;985;1
234;416;1
234;783;1
234;756;1
234;490;1
234;877;1
234;507;1
235;262;1
235;539;1
235;551;1
235;942;1
235;725;1
235;631;1
236;602;1
236;545;1
236;947;1
236;729;1
237;791;1
237;355;1
237;356;1
237;237;1
237;266;1
237;518;1
238;929;1
238;515;1
238;772;1
238;388;1
238;784;1
238;816;1
238;501;1
239;772;1
239;666;1
239;501;1
240;317;1
240;369;1
240;970;1
241;811;1
241;640;1
241;263;1
241;419;1
241;491;1
241;926;1
241;536;1
241;859;1
241;777;1
242;650;1
242;419;1
242;306;1
242;491;1
242;391;1
242;823;1
242;459;1
242;863;1
243;332;1
243;596;1
243;383;1
243;913;1
244;648;1
244;526;1
244;278;1
244;602;1
244;347;1
244;293;1
245;978;1
245;282;1
245;963;1
245;662;1
245;245;1
245;639;1
245;836;1
246;937;1
246;301;1
246;689;1
246;571;1
247;653;1
247;997;1
247;999;1
247;357;1
247;448;1
248;642;1
248;778;1
248;914;1
248;674;1
248;964;1
248;334;1
249;749;1
249;781;1
249;406;1
250;684;1
250;785;1
250;333;1
251;327;1
251;587;1
251;358;1
251;409;1
251;848;1
251;251;1
251;528;1
251;954;1
251;788;1
252;420;1
252;460;1
252;724;1
252;371;1
252;376;1
253;539;1
253;942;1
253;495;1
253;676;1
253;351;1
254;410;1
254;795;1
254;678;1
254;320;1
254;892;1
254;898;1
254;580;1
255;321;1
255;819;1
255;837;1
255;933;1
255;255;1
255;646;1
255;419;1
256;563;1
256;938;1
256;619;1
256;864;1
256;556;1
256;946;1
256;948;1
256;767;1
257;257;1
257;736;1
257;699;1
257;755;1
257;800;1
257;797;1
257;771;1
257;269;1
257;379;1
258;528;1
258;418;1
258;731;1
258;723;1
258;479;1
258;666;1
258;848;1
259;513;1
259;303;1
259;886;1
259;697;1
259;555;1
259;397;1
259;279;1
259;822;1
259;588;1
259;737;1
259;785;1
260;504;1
260;927;1
260;381;1
260;793;1
260;540;1
260;759;1
260;508;1
260;987;1
260;521;1
261;986;1
261;918;1
261;561;1
261;607;1
261;394;1
261;751;1
261;390;1
262;744;1
262;495;1
262;570;1
262;681;1
262;287;1
262;761;1
262;551;1
262;942;1
262;947;1
263;859;1
263;634;1
263;649;1
263;412;1
263;823;1
263;491;1
263;750;1
264;948;1
264;619;1
264;703;1
264;492;1
264;953;1
264;995;1
264;767;1
264;556;1
264;859;1
264;734;1
264;493;1
265;470;1
265;392;1
265;762;1
265;991;1
265;917;1
265;981;1
265;727;1
265;265;1
265;455;1
266;571;1
266;590;1
266;661;1
266;531;1
266;791;1
266;873;1
266;848;1
266;336;1
267;841;1
267;943;1
267;475;1
267;380;1
268;989;1
268;500;1
268;268;1
268;437;1
268;552;1
268;560;1
269;581;1
269;800;1
269;699;1
269;269;1
269;736;1
269;755;1
269;295;1
269;797;1
270;586;1
270;405;1
270;710;1
270;575;1
270;554;1
270;270;1
270;920;1
270;978;1
270;567;1
270;766;1
271;623;1
271;725;1
271;631;1
271;271;1
271;524;1
271;539;1
271;942;1
271;686;1
271;515;1
271;852;1
272;648;1
272;907;1
272;496;1
272;524;1
272;322;1
272;347;1
272;526;1
272;768;1
272;362;1
272;483;1
272;777;1
272;382;1
273;464;1
273;898;1
273;521;1
273;748;1
273;288;1
273;930;1
274;400;1
274;908;1
274;891;1
274;904;1
274;625;1
274;888;1
274;311;1
274;355;1
275;405;1
275;970;1
275;940;1
275;573;1
275;396;1
275;313;1
275;302;1
275;281;1
275;345;1
275;371;1
276;503;1
276;772;1
276;781;1
276;605;1
276;378;1
276;672;1
276;628;1
276;792;1
276;501;1
277;559;1
277;566;1
277;951;1
277;903;1
277;503;1
277;931;1
278;907;1
278;632;1
278;840;1
278;635;1
278;744;1
278;278;1
278;483;1
278;768;1
278;668;1
279;397;1
279;851;1
279;488;1
279;498;1
279;980;1
279;955;1
279;584;1
279;820;1
279;555;1
279;992;1
279;423;1
279;510;1
279;717;1
279;691;1
279;879;1
279;690;1
279;993;1
279;822;1
279;588;1
279;701;1
279;303;1
279;365;1
279;279;1
279;553;1
279;939;1
279;737;1
279;886;1
279;564;1
279;830;1
279;697;1
279;881;1
279;983;1
280;660;1
280;382;1
280;280;1
280;549;1
280;758;1
280;925;1
280;414;1
280;924;1
280;953;1
280;443;1
281;731;1
281;736;1
281;396;1
281;934;1
281;512;1
281;293;1
281;940;1
281;573;1
281;708;1
282;384;1
282;535;1
282;806;1
282;774;1
282;744;1
282;978;1
282;962;1
283;849;1
283;514;1
283;390;1
283;786;1
283;297;1
284;515;1
284;378;1
284;672;1
284;787;1
284;606;1
284;501;1
285;806;1
285;639;1
285;695;1
285;774;1
285;826;1
285;978;1
286;564;1
286;760;1
286;308;1
286;696;1
286;962;1
286;292;1
286;580;1
286;944;1
286;733;1
286;747;1
286;356;1
287;539;1
287;681;1
287;867;1
287;389;1
287;339;1
287;942;1
287;367;1
288;521;1
288;403;1
289;401;1
289;941;1
289;440;1
289;973;1
289;600;1
289;359;1
290;909;1
290;353;1
290;536;1
290;915;1
290;306;1
291;715;1
291;946;1
291;698;1
291;864;1
291;319;1
291;352;1
291;459;1
291;948;1
291;493;1
292;962;1
292;944;1
292;696;1
292;292;1
292;747;1
292;801;1
292;760;1
293;940;1
293;432;1
293;396;1
293;293;1
293;302;1
293;573;1
293;431;1
293;708;1
294;869;1
294;457;1
294;953;1
294;738;1
294;636;1
294;767;1
294;703;1
294;461;1
294;949;1
294;493;1
294;472;1
294;954;1
294;649;1
294;556;1
294;948;1
295;449;1
295;798;1
295;838;1
296;324;1
296;399;1
296;592;1
296;833;1
296;857;1
297;786;1
297;385;1
297;994;1
297;316;1
297;576;1
297;988;1
297;612;1
297;615;1
298;939;1
298;384;1
298;651;1
298;662;1
298;741;1
298;963;1
298;978;1
299;539;1
299;521;1
299;930;1
299;508;1
299;299;1
299;565;1
300;752;1
300;786;1
300;618;1
300;680;1
300;316;1
300;615;1
301;670;1
301;465;1
301;937;1
301;339;1
301;433;1
301;591;1
301;809;1
301;301;1
301;842;1
301;692;1
301;730;1
301;481;1
301;330;1
301;478;1
301;593;1
301;446;1
301;689;1
301;947;1
301;311;1
301;729;1
302;934;1
302;617;1
302;431;1
302;313;1
302;573;1
303;513;1
303;397;1
303;879;1
303;555;1
303;623;1
303;737;1
303;899;1
304;365;1
304;500;1
304;435;1
304;847;1
305;721;1
305;384;1
305;774;1
305;662;1
306;325;1
306;521;1
306;491;1
307;519;1
307;918;1
307;635;1
307;844;1
307;599;1
307;490;1
307;751;1
307;508;1
308;434;1
308;944;1
308;804;1
309;440;1
309;973;1
309;680;1
309;712;1
309;941;1
309;374;1
309;600;1
310;829;1
310;935;1
310;410;1
310;657;1
310;312;1
311;487;1
311;979;1
311;945;1
311;947;1
311;676;1
311;433;1
311;569;1
311;689;1
311;692;1
311;481;1
311;866;1
311;463;1
311;545;1
311;700;1
311;765;1
311;330;1
311;339;1
311;452;1
311;465;1
311;338;1
311;670;1
311;677;1
311;910;1
312;775;1
312;829;1
312;337;1
312;478;1
313;396;1
313;934;1
313;724;1
314;406;1
314;597;1
314;487;1
314;507;1
314;915;1
315;775;1
315;778;1
315;914;1
315;541;1
315;422;1
315;400;1
315;366;1
316;390;1
316;786;1
316;766;1
316;603;1
316;612;1
316;582;1
316;648;1
317;975;1
317;789;1
317;317;1
317;693;1
318;386;1
318;936;1
318;972;1
318;732;1
318;677;1
318;349;1
318;684;1
318;884;1
318;685;1
318;476;1
318;686;1
318;464;1
318;868;1
318;577;1
318;763;1
318;318;1
318;340;1
318;617;1
318;429;1
318;915;1
318;997;1
318;747;1
318;961;1
319;386;1
319;427;1
319;938;1
319;946;1
319;472;1
320;436;1
320;816;1
320;562;1
321;518;1
321;933;1
321;411;1
321;869;1
321;819;1
322;648;1
322;899;1
322;907;1
322;322;1
322;779;1
322;635;1
322;362;1
322;961;1
322;632;1
323;395;1
323;416;1
323;373;1
323;917;1
323;593;1
323;985;1
323;487;1
323;756;1
323;507;1
323;960;1
324;897;1
324;324;1
324;520;1
324;857;1
324;594;1
324;457;1
324;578;1
324;516;1
325;650;1
325;419;1
325;932;1
325;410;1
325;491;1
326;725;1
326;557;1
326;437;1
326;847;1
326;500;1
326;784;1
327;644;1
327;418;1
327;731;1
327;912;1
327;895;1
327;354;1
327;528;1
327;869;1
327;616;1
327;965;1
328;981;1
328;832;1
328;453;1
329;391;1
329;650;1
329;777;1
329;817;1
330;447;1
330;689;1
330;947;1
330;700;1
330;765;1
330;694;1
330;676;1
330;478;1
330;330;1
330;778;1
331;784;1
331;331;1
331;542;1
331;966;1
331;975;1
331;789;1
331;486;1
332;794;1
332;572;1
332;453;1
332;969;1
332;596;1
332;773;1
332;958;1
332;451;1
332;740;1
332;845;1
332;609;1
332;375;1
332;629;1
332;595;1
332;494;1
332;620;1
332;445;1
332;633;1
332;637;1
332;332;1
332;493;1
332;993;1
333;544;1
333;945;1
334;559;1
334;815;1
334;968;1
335;647;1
335;782;1
335;659;1
335;342;1
335;471;1
336;791;1
336;571;1
336;746;1
336;753;1
336;336;1
336;905;1
337;527;1
337;681;1
337;516;1
337;808;1
337;598;1
337;372;1
338;947;1
338;676;1
338;478;1
338;866;1
338;364;1
339;880;1
339;676;1
339;947;1
339;729;1
340;406;1
340;386;1
340;677;1
340;464;1
340;987;1
340;362;1
340;349;1
341;771;1
341;917;1
341;544;1
341;762;1
341;727;1
342;647;1
342;807;1
342;782;1
342;637;1
343;788;1
343;484;1
343;674;1
344;406;1
344;416;1
344;709;1
344;487;1
345;416;1
345;709;1
345;843;1
345;985;1
345;487;1
345;754;1
345;514;1
346;795;1
346;650;1
346;932;1
346;891;1
347;524;1
347;523;1
347;526;1
347;347;1
347;779;1
347;911;1
347;496;1
347;894;1
347;362;1
347;947;1
347;632;1
347;782;1
347;376;1
348;814;1
348;348;1
348;796;1
348;805;1
349;604;1
349;682;1
349;700;1
349;386;1
349;936;1
349;464;1
349;458;1
349;476;1
349;617;1
349;683;1
349;435;1
349;417;1
349;868;1
349;349;1
349;923;1
349;577;1
349;849;1
349;732;1
349;507;1
349;634;1
349;470;1
350;522;1
350;490;1
350;784;1
350;792;1
350;810;1
350;388;1
350;772;1
350;730;1
350;501;1
351;692;1
351;791;1
352;687;1
352;948;1
352;954;1
352;472;1
352;493;1
353;649;1
353;878;1
354;644;1
354;418;1
354;585;1
354;731;1
354;667;1
354;375;1
354;536;1
355;881;1
355;791;1
355;950;1
355;905;1
355;630;1
355;746;1
355;590;1
355;753;1
355;499;1
355;482;1
355;465;1
356;746;1
356;614;1
356;459;1
357;653;1
357;665;1
357;812;1
357;607;1
358;912;1
358;848;1
358;875;1
358;535;1
358;361;1
359;401;1
359;600;1
359;439;1
360;512;1
360;769;1
360;904;1
360;400;1
360;667;1
360;865;1
360;888;1
360;642;1
361;912;1
361;587;1
361;517;1
362;524;1
362;779;1
362;805;1
363;646;1
363;579;1
363;363;1
363;716;1
363;695;1
364;993;1
364;947;1
364;433;1
364;922;1
365;397;1
365;737;1
365;717;1
365;377;1
365;553;1
365;555;1
365;993;1
365;588;1
365;564;1
365;831;1
365;879;1
365;939;1
365;498;1
365;830;1
366;900;1
366;778;1
366;624;1
366;916;1
366;403;1
366;374;1
366;964;1
366;757;1
366;367;1
366;752;1
367;655;1
367;650;1
367;491;1
367;915;1
368;395;1
368;416;1
368;487;1
368;507;1
369;657;1
369;975;1
369;789;1
370;784;1
370;606;1
370;501;1
371;936;1
371;546;1
371;724;1
371;583;1
371;664;1
371;726;1
371;770;1
372;460;1
372;846;1
372;856;1
372;473;1
372;516;1
372;376;1
373;406;1
373;715;1
373;595;1
373;889;1
374;541;1
374;623;1
375;655;1
375;567;1
375;889;1
375;969;1
375;620;1
375;633;1
375;572;1
375;645;1
376;516;1
376;460;1
376;726;1
376;546;1
376;808;1
377;397;1
377;690;1
377;980;1
377;781;1
378;515;1
378;781;1
378;792;1
379;901;1
379;598;1
379;379;1
379;748;1
379;743;1
379;870;1
379;770;1
380;647;1
380;402;1
380;471;1
380;796;1
380;814;1
380;817;1
381;521;1
381;658;1
381;853;1
382;925;1
382;924;1
383;794;1
383;572;1
383;982;1
384;978;1
384;695;1
384;963;1
384;876;1
384;774;1
384;408;1
384;535;1
384;651;1
384;384;1
384;662;1
385;613;1
385;643;1
385;688;1
385;786;1
386;476;1
386;923;1
386;763;1
386;458;1
386;732;1
386;677;1
386;936;1
386;386;1
386;972;1
386;685;1
386;435;1
386;577;1
386;961;1
386;617;1
386;429;1
386;434;1
386;683;1
386;477;1
386;584;1
386;417;1
387;760;1
387;962;1
387;552;1
387;696;1
387;656;1
388;777;1
388;772;1
388;933;1
388;781;1
388;784;1
388;792;1
388;543;1
388;501;1
389;893;1
389;539;1
389;681;1
389;942;1
389;450;1
389;725;1
390;514;1
390;643;1
390;871;1
390;612;1
390;582;1
390;603;1
391;536;1
391;446;1
391;650;1
391;673;1
391;932;1
391;823;1
392;685;1
392;662;1
392;517;1
392;764;1
392;785;1
392;470;1
392;469;1
392;843;1
392;424;1
393;970;1
393;771;1
393;393;1
393;470;1
393;714;1
393;917;1
394;528;1
394;786;1
394;615;1
395;813;1
395;442;1
395;634;1
395;507;1
395;821;1
395;739;1
395;489;1
395;783;1
395;406;1
395;487;1
396;717;1
396;970;1
396;432;1
396;940;1
396;708;1
396;531;1
396;934;1
396;735;1
397;513;1
397;939;1
397;831;1
397;830;1
397;498;1
397;737;1
397;980;1
397;553;1
397;879;1
397;555;1
397;697;1
397;993;1
397;851;1
397;584;1
397;955;1
397;588;1
397;820;1
397;564;1
397;510;1
397;423;1
397;397;1
397;691;1
397;701;1
397;488;1
397;822;1
397;605;1
397;954;1
397;658;1
397;523;1
398;906;1
398;966;1
398;663;1
398;601;1
398;529;1
398;721;1
398;976;1
398;718;1
398;788;1
399;897;1
399;833;1
399;520;1
399;525;1
399;594;1
399;592;1
400;522;1
400;413;1
400;904;1
400;769;1
400;891;1
400;888;1
401;712;1
401;401;1
401;680;1
402;782;1
402;402;1
402;694;1
402;796;1
402;421;1
403;642;1
403;964;1
403;752;1
403;404;1
403;900;1
403;541;1
404;539;1
404;642;1
404;778;1
404;916;1
404;752;1
405;776;1
405;586;1
405;920;1
405;801;1
405;575;1
405;919;1
406;985;1
406;416;1
406;709;1
406;487;1
407;407;1
407;565;1
407;790;1
407;841;1
407;746;1
408;662;1
408;876;1
408;774;1
408;978;1
408;890;1
409;731;1
409;869;1
409;462;1
409;895;1
409;457;1
409;418;1
409;714;1
409;848;1
410;775;1
410;436;1
410;643;1
410;546;1
411;837;1
411;518;1
411;657;1
411;819;1
412;426;1
412;828;1
412;491;1
413;522;1
413;413;1
413;887;1
413;453;1
414;924;1
414;925;1
414;949;1
415;887;1
415;455;1
415;983;1
415;799;1
416;827;1
416;783;1
416;956;1
416;880;1
416;715;1
416;821;1
416;507;1
416;756;1
416;416;1
416;952;1
416;985;1
416;593;1
416;544;1
416;709;1
417;617;1
417;686;1
417;677;1
417;527;1
417;936;1
417;868;1
418;839;1
418;418;1
418;875;1
418;741;1
418;848;1
418;603;1
418;587;1
418;723;1
418;731;1
418;911;1
418;799;1
419;640;1
419;649;1
419;650;1
419;426;1
419;878;1
419;836;1
419;804;1
419;932;1
419;428;1
419;915;1
419;859;1
419;536;1
419;875;1
420;656;1
420;919;1
420;586;1
420;554;1
420;575;1
421;640;1
421;836;1
421;493;1
422;723;1
422;642;1
422;900;1
422;778;1
422;519;1
422;752;1
422;660;1
423;488;1
423;830;1
423;555;1
423;564;1
423;557;1
424;785;1
424;517;1
424;974;1
424;424;1
424;850;1
424;469;1
424;872;1
424;727;1
424;470;1
424;991;1
424;764;1
424;544;1
424;459;1
424;438;1
425;904;1
425;865;1
425;891;1
425;538;1
425;887;1
425;888;1
426;680;1
426;650;1
426;600;1
426;823;1
426;965;1
426;491;1
426;750;1
427;570;1
427;450;1
427;997;1
427;998;1
427;665;1
427;999;1
428;545;1
428;640;1
428;649;1
428;777;1
428;909;1
429;884;1
429;458;1
429;987;1
429;577;1
430;675;1
430;519;1
430;706;1
430;844;1
430;599;1
430;511;1
431;834;1
431;708;1
431;432;1
431;855;1
431;573;1
431;473;1
432;940;1
432;698;1
432;978;1
433;670;1
433;937;1
433;947;1
434;849;1
434;464;1
434;987;1
434;868;1
435;980;1
435;936;1
435;476;1
435;751;1
435;961;1
435;464;1
436;935;1
436;608;1
436;444;1
436;892;1
436;835;1
436;825;1
436;436;1
436;897;1
436;910;1
436;586;1
437;560;1
437;963;1
438;814;1
438;898;1
438;521;1
438;540;1
438;964;1
438;713;1
438;508;1
439;687;1
439;703;1
439;761;1
439;854;1
440;680;1
440;973;1
441;518;1
441;456;1
441;852;1
442;956;1
442;827;1
442;711;1
442;768;1
443;443;1
443;968;1
443;532;1
443;538;1
443;589;1
443;815;1
443;669;1
443;448;1
444;795;1
444;765;1
444;937;1
444;772;1
445;794;1
445;567;1
445;451;1
445;832;1
445;520;1
445;629;1
446;898;1
446;521;1
446;658;1
446;566;1
447;929;1
447;550;1
447;716;1
448;532;1
448;922;1
448;669;1
449;798;1
449;550;1
450;653;1
450;665;1
450;812;1
450;450;1
450;999;1
451;773;1
451;645;1
451;794;1
451;620;1
451;559;1
451;977;1
451;629;1
452;670;1
452;679;1
452;689;1
452;947;1
453;794;1
453;567;1
453;494;1
453;633;1
453;889;1
453;977;1
453;832;1
453;745;1
453;629;1
453;969;1
453;620;1
453;533;1
453;740;1
454;705;1
454;622;1
454;604;1
454;454;1
454;967;1
454;537;1
454;959;1
454;628;1
454;704;1
454;728;1
454;477;1
454;945;1
455;529;1
455;707;1
455;799;1
456;506;1
456;824;1
456;852;1
457;948;1
457;459;1
457;461;1
457;472;1
457;542;1
458;593;1
458;936;1
458;686;1
458;673;1
459;703;1
459;767;1
459;461;1
459;948;1
459;492;1
459;902;1
459;459;1
459;734;1
460;770;1
460;901;1
460;990;1
460;473;1
460;748;1
460;583;1
460;705;1
460;726;1
461;513;1
461;938;1
461;948;1
461;750;1
461;472;1
461;734;1
462;912;1
462;714;1
462;479;1
462;644;1
462;723;1
462;799;1
462;869;1
462;616;1
463;670;1
463;945;1
463;689;1
463;676;1
463;464;1
464;936;1
464;868;1
464;577;1
464;685;1
464;683;1
464;684;1
464;544;1
465;679;1
465;809;1
465;947;1
466;636;1
466;492;1
466;632;1
466;472;1
466;734;1
466;493;1
467;675;1
467;561;1
467;706;1
467;497;1
467;751;1
468;574;1
468;959;1
468;628;1
468;910;1
468;468;1
468;477;1
468;604;1
469;785;1
469;727;1
469;951;1
470;759;1
471;796;1
471;647;1
472;687;1
472;948;1
472;703;1
472;805;1
472;995;1
472;902;1
472;738;1
472;492;1
472;854;1
472;760;1
472;493;1
473;770;1
473;846;1
473;743;1
473;724;1
473;856;1
474;660;1
474;924;1
474;758;1
474;582;1
475;943;1
475;702;1
476;553;1
476;534;1
476;835;1
476;868;1
476;767;1
477;574;1
477;705;1
477;910;1
477;604;1
477;626;1
477;537;1
477;967;1
477;982;1
478;670;1
478;689;1
478;947;1
478;563;1
478;692;1
478;700;1
478;729;1
478;866;1
478;679;1
478;694;1
478;616;1
479;731;1
479;723;1
479;895;1
479;686;1
480;653;1
480;812;1
480;883;1
480;647;1
480;999;1
481;670;1
481;937;1
481;947;1
481;540;1
482;531;1
482;950;1
482;905;1
482;746;1
483;602;1
483;696;1
483;632;1
484;906;1
484;788;1
484;718;1
484;976;1
484;502;1
485;675;1
485;844;1
485;625;1
485;779;1
485;751;1
485;988;1
486;819;1
486;900;1
486;810;1
486;542;1
486;975;1
486;820;1
487;783;1
487;813;1
487;952;1
487;711;1
487;754;1
487;487;1
487;827;1
487;715;1
487;877;1
487;593;1
487;843;1
487;985;1
487;709;1
487;634;1
487;880;1
487;956;1
487;489;1
487;507;1
487;836;1
487;600;1
487;676;1
488;839;1
488;588;1
488;737;1
488;868;1
489;952;1
489;956;1
489;709;1
489;804;1
489;507;1
489;882;1
490;675;1
490;860;1
490;548;1
490;625;1
490;984;1
490;706;1
491;650;1
491;491;1
491;823;1
491;915;1
491;909;1
491;777;1
491;926;1
491;750;1
491;673;1
491;932;1
491;965;1
491;804;1
491;892;1
492;868;1
492;948;1
492;734;1
493;948;1
493;703;1
493;954;1
493;734;1
493;953;1
493;619;1
493;854;1
493;636;1
493;946;1
493;902;1
493;858;1
493;864;1
493;767;1
493;771;1
493;657;1
494;794;1
494;609;1
494;629;1
495;539;1
495;725;1
495;495;1
495;893;1
495;881;1
495;803;1
496;899;1
496;648;1
496;523;1
496;526;1
496;602;1
496;635;1
497;677;1
497;786;1
497;766;1
498;553;1
498;737;1
498;820;1
498;509;1
498;954;1
499;791;1
499;868;1
499;630;1
500;507;1
501;826;1
501;728;1
501;515;1
501;784;1
501;543;1
501;772;1
501;666;1
501;605;1
501;803;1
501;810;1
501;621;1
501;606;1
501;781;1
501;618;1
501;794;1
501;977;1
501;560;1
502;711;1
502;502;1
502;507;1
503;539;1
503;942;1
503;725;1
504;898;1
504;658;1
504;930;1
504;508;1
505;942;1
505;947;1
505;778;1
506;852;1
506;824;1
506;798;1
507;711;1
507;952;1
507;709;1
507;880;1
507;821;1
507;813;1
507;827;1
507;956;1
507;877;1
507;739;1
507;783;1
507;634;1
507;754;1
507;985;1
507;558;1
508;540;1
508;927;1
508;590;1
510;955;1
510;717;1
510;993;1
510;737;1
510;958;1
511;751;1
511;706;1
511;918;1
511;979;1
511;554;1
512;780;1
512;638;1
512;891;1
512;729;1
512;887;1
512;888;1
513;588;1
513;879;1
513;584;1
513;831;1
513;830;1
513;691;1
513;992;1
513;822;1
513;737;1
513;840;1
513;693;1
514;871;1
514;786;1
514;576;1
514;615;1
515;772;1
515;781;1
515;543;1
515;810;1
516;885;1
516;516;1
516;598;1
516;546;1
517;831;1
517;713;1
517;850;1
517;917;1
517;974;1
518;933;1
518;646;1
518;819;1
519;874;1
519;986;1
519;960;1
519;706;1
519;751;1
520;857;1
520;520;1
520;594;1
520;675;1
520;538;1
521;713;1
521;658;1
521;759;1
521;927;1
521;793;1
521;930;1
521;540;1
521;521;1
521;611;1
521;818;1
522;769;1
522;888;1
522;904;1
522;627;1
522;887;1
523;829;1
523;911;1
523;602;1
523;894;1
523;526;1
524;722;1
524;744;1
524;635;1
524;779;1
525;897;1
525;833;1
525;525;1
526;894;1
526;768;1
526;840;1
526;939;1
526;779;1
527;534;1
527;887;1
528;896;1
528;644;1
528;723;1
528;719;1
528;616;1
529;971;1
529;671;1
529;976;1
529;788;1
530;913;1
530;712;1
530;973;1
530;946;1
531;751;1
531;590;1
531;571;1
531;791;1
531;861;1
531;746;1
531;531;1
531;818;1
532;589;1
532;951;1
532;654;1
532;532;1
532;815;1
533;832;1
533;982;1
533;845;1
533;794;1
533;605;1
534;741;1
534;904;1
534;534;1
534;888;1
535;662;1
535;978;1
535;695;1
535;651;1
535;876;1
535;806;1
535;995;1
535;613;1
536;804;1
537;910;1
537;967;1
537;622;1
537;959;1
537;917;1
537;683;1
537;658;1
538;551;1
538;903;1
538;654;1
538;922;1
539;551;1
539;893;1
539;539;1
539;942;1
539;867;1
539;631;1
539;570;1
539;623;1
539;725;1
539;630;1
540;713;1
540;898;1
541;642;1
541;778;1
541;916;1
541;703;1
541;674;1
542;966;1
542;975;1
543;751;1
543;781;1
543;666;1
543;810;1
543;803;1
544;764;1
544;629;1
545;676;1
545;765;1
545;809;1
545;947;1
545;692;1
545;944;1
546;870;1
546;583;1
546;598;1
546;808;1
546;863;1
546;726;1
547;918;1
547;607;1
547;979;1
547;561;1
547;986;1
547;964;1
547;751;1
547;774;1
547;792;1
548;918;1
548;751;1
548;960;1
548;979;1
548;607;1
548;598;1
549;695;1
549;758;1
549;925;1
549;924;1
549;747;1
550;798;1
550;984;1
550;838;1
551;570;1
551;623;1
551;551;1
551;942;1
551;725;1
552;962;1
552;733;1
552;696;1
552;944;1
553;690;1
553;830;1
553;939;1
553;822;1
554;928;1
554;919;1
554;554;1
554;734;1
555;754;1
555;939;1
555;955;1
555;922;1
556;946;1
556;902;1
556;610;1
556;948;1
556;703;1
556;734;1
557;560;1
558;734;1
558;706;1
558;844;1
558;599;1
558;751;1
559;903;1
559;922;1
559;589;1
559;985;1
560;560;1
561;682;1
561;984;1
561;760;1
561;874;1
561;751;1
562;907;1
562;642;1
562;778;1
562;964;1
562;832;1
563;809;1
563;947;1
563;694;1
563;729;1
564;822;1
564;717;1
564;737;1
565;641;1
565;841;1
565;704;1
565;702;1
566;922;1
566;968;1
567;645;1
567;655;1
567;889;1
567;629;1
567;633;1
568;627;1
568;568;1
568;630;1
569;670;1
569;689;1
569;947;1
569;951;1
569;729;1
570;942;1
570;725;1
571;791;1
571;861;1
572;620;1
572;958;1
572;954;1
573;708;1
573;652;1
574;910;1
574;622;1
574;728;1
574;967;1
574;705;1
574;626;1
574;966;1
574;628;1
575;776;1
575;860;1
575;855;1
575;708;1
576;612;1
576;576;1
576;832;1
576;613;1
576;698;1
577;923;1
577;861;1
577;849;1
577;868;1
578;920;1
578;855;1
579;834;1
579;811;1
579;826;1
579;716;1
579;579;1
580;760;1
580;733;1
580;962;1
580;580;1
581;800;1
581;797;1
581;581;1
582;786;1
582;618;1
583;705;1
583;794;1
583;726;1
583;724;1
584;691;1
584;641;1
584;980;1
584;737;1
585;839;1
585;731;1
585;644;1
585;714;1
585;848;1
586;928;1
586;801;1
587;731;1
587;714;1
587;630;1
587;875;1
588;831;1
588;955;1
588;820;1
588;737;1
589;903;1
589;922;1
589;931;1
590;672;1
591;670;1
591;947;1
591;700;1
591;730;1
592;897;1
592;871;1
592;594;1
593;709;1
594;833;1
594;668;1
594;807;1
594;762;1
595;655;1
595;645;1
595;595;1
595;907;1
595;982;1
596;934;1
596;794;1
596;740;1
596;932;1
596;620;1
597;838;1
597;929;1
598;724;1
598;668;1
598;885;1
598;863;1
599;625;1
599;874;1
599;777;1
599;751;1
600;725;1
600;913;1
600;941;1
600;680;1
600;920;1
601;718;1
601;787;1
601;974;1
602;602;1
602;768;1
602;894;1
603;618;1
603;622;1
603;615;1
604;628;1
604;604;1
604;705;1
604;626;1
605;947;1
605;772;1
606;784;1
606;792;1
606;666;1
606;810;1
607;740;1
607;751;1
608;775;1
608;825;1
609;769;1
609;645;1
609;794;1
610;937;1
610;947;1
610;729;1
610;803;1
611;812;1
611;937;1
612;786;1
612;958;1
613;851;1
613;688;1
614;756;1
614;791;1
614;950;1
614;652;1
614;630;1
615;652;1
615;921;1
615;615;1
616;723;1
616;644;1
616;869;1
616;616;1
616;896;1
616;617;1
616;992;1
617;849;1
618;982;1
618;921;1
618;844;1
619;938;1
619;948;1
620;982;1
620;794;1
621;781;1
621;784;1
621;810;1
622;910;1
622;705;1
622;628;1
623;942;1
623;725;1
624;642;1
624;778;1
624;674;1
624;808;1
625;918;1
625;706;1
625;751;1
626;705;1
626;728;1
626;628;1
627;769;1
628;728;1
628;753;1
629;794;1
629;745;1
629;645;1
629;958;1
629;655;1
629;633;1
629;773;1
629;859;1
629;787;1
629;905;1
630;950;1
630;862;1
630;753;1
630;630;1
631;942;1
631;822;1
631;893;1
632;654;1
633;773;1
633;633;1
634;813;1
634;709;1
634;637;1
635;744;1
635;776;1
636;656;1
636;745;1
636;902;1
636;734;1
637;794;1
637;977;1
638;780;1
638;887;1
638;681;1
639;651;1
639;662;1
639;806;1
639;890;1
639;691;1
640;859;1
640;804;1
640;750;1
640;650;1
640;836;1
641;996;1
641;788;1
641;742;1
642;914;1
642;778;1
642;900;1
643;994;1
643;643;1
643;873;1
643;688;1
644;848;1
644;731;1
644;912;1
644;644;1
644;839;1
644;869;1
644;875;1
645;745;1
645;832;1
645;794;1
645;969;1
