0;203;1
0;691;1
0;759;1
0;319;1
0;314;1
0;308;1
0;178;1
0;19;1
0;994;1
0;168;1
1;444;1
1;756;1
1;633;1
1;202;1
1;613;1
1;428;1
1;211;1
1;734;1
1;94;1
2;331;1
2;513;1
2;496;1
2;544;1
2;21;1
2;906;1
3;421;1
3;826;1
3;320;1
3;994;1
3;236;1
3;308;1
3;319;1
3;974;1
3;338;1
4;899;1
4;135;1
4;963;1
4;57;1
4;724;1
4;741;1
4;677;1
4;186;1
4;763;1
4;367;1
4;577;1
4;911;1
4;116;1
4;170;1
5;84;1
5;196;1
5;271;1
5;170;1
5;155;1
5;330;1
5;231;1
5;948;1
5;303;1
6;791;1
6;881;1
6;419;1
6;61;1
6;283;1
6;953;1
7;129;1
7;624;1
7;790;1
7;140;1
7;345;1
7;493;1
7;123;1
7;797;1
7;255;1
7;658;1
7;165;1
7;377;1
7;783;1
8;903;1
8;309;1
8;806;1
8;403;1
8;792;1
8;98;1
8;755;1
9;227;1
9;216;1
9;555;1
9;570;1
9;487;1
9;405;1
9;632;1
10;385;1
10;430;1
10;324;1
10;768;1
10;690;1
10;395;1
10;22;1
10;292;1
10;569;1
10;885;1
11;262;1
11;299;1
11;389;1
11;397;1
11;108;1
11;13;1
11;157;1
12;244;1
12;321;1
12;985;1
12;460;1
12;733;1
12;212;1
12;742;1
12;870;1
12;871;1
12;785;1
12;709;1
12;465;1
12;596;1
12;648;1
13;263;1
13;397;1
13;269;1
13;708;1
13;208;1
13;157;1
14;908;1
14;103;1
14;976;1
14;998;1
14;949;1
14;989;1
15;256;1
15;63;1
15;27;1
15;109;1
15;424;1
15;195;1
15;262;1
15;913;1
15;237;1
15;793;1
16;846;1
16;758;1
16;549;1
16;536;1
16;726;1
16;340;1
16;435;1
16;979;1
16;864;1
16;77;1
17;67;1
17;608;1
17;620;1
17;437;1
17;955;1
17;152;1
17;918;1
17;921;1
17;165;1
18;178;1
18;117;1
18;75;1
18;35;1
18;365;1
18;557;1
18;803;1
18;962;1
18;678;1
18;679;1
18;887;1
18;78;1
18;800;1
18;166;1
18;423;1
18;52;1
18;458;1
18;224;1
18;358;1
18;115;1
18;467;1
18;799;1
18;578;1
18;282;1
18;994;1
18;210;1
19;828;1
19;759;1
19;738;1
19;71;1
19;175;1
19;308;1
19;319;1
20;765;1
20;783;1
20;401;1
20;251;1
20;597;1
20;241;1
20;544;1
20;496;1
20;375;1
20;890;1
20;590;1
20;845;1
20;440;1
21;626;1
21;517;1
21;332;1
21;728;1
21;416;1
21;42;1
21;81;1
21;490;1
22;768;1
22;395;1
22;653;1
22;567;1
22;292;1
22;569;1
22;885;1
22;585;1
23;901;1
23;390;1
23;970;1
23;599;1
23;476;1
23;605;1
23;242;1
23;536;1
23;967;1
23;961;1
23;340;1
23;398;1
23;844;1
23;666;1
23;979;1
23;987;1
24;159;1
24;393;1
24;414;1
24;200;1
24;169;1
24;413;1
24;43;1
24;778;1
24;478;1
25;36;1
25;384;1
25;904;1
25;939;1
25;787;1
25;210;1
25;293;1
25;938;1
25;693;1
25;238;1
25;499;1
25;966;1
26;407;1
26;534;1
26;508;1
26;136;1
26;825;1
26;165;1
26;192;1
26;31;1
26;295;1
27;195;1
27;913;1
27;187;1
27;63;1
27;205;1
27;256;1
27;181;1
27;587;1
28;411;1
28;984;1
28;171;1
28;889;1
28;912;1
29;660;1
29;222;1
29;813;1
29;85;1
30;406;1
30;773;1
30;190;1
30;652;1
30;771;1
30;248;1
30;592;1
30;796;1
30;593;1
31;655;1
31;534;1
31;136;1
31;701;1
31;689;1
31;295;1
31;825;1
31;315;1
32;768;1
32;653;1
32;554;1
32;141;1
32;292;1
32;576;1
32;324;1
32;287;1
32;395;1
32;111;1
32;261;1
32;569;1
32;368;1
32;385;1
32;430;1
32;769;1
32;245;1
32;595;1
33;662;1
33;267;1
33;976;1
33;998;1
33;710;1
33;908;1
33;254;1
33;263;1
33;164;1
33;244;1
34;162;1
34;465;1
34;127;1
34;470;1
34;221;1
34;628;1
34;212;1
34;753;1
34;460;1
34;587;1
34;381;1
34;596;1
34;537;1
34;870;1
34;99;1
34;357;1
34;785;1
34;415;1
34;830;1
34;265;1
34;709;1
34;999;1
34;717;1
34;809;1
34;46;1
34;83;1
34;704;1
34;742;1
34;322;1
35;224;1
35;954;1
35;840;1
35;178;1
35;73;1
35;825;1
35;166;1
35;680;1
35;557;1
35;467;1
35;342;1
35;943;1
35;443;1
35;472;1
35;343;1
36;521;1
36;527;1
36;412;1
36;400;1
36;757;1
36;853;1
36;232;1
36;489;1
37;841;1
37;110;1
37;260;1
37;781;1
37;39;1
37;830;1
37;174;1
37;501;1
38;902;1
38;957;1
38;586;1
38;394;1
38;899;1
38;382;1
38;247;1
38;229;1
38;595;1
38;677;1
38;879;1
38;625;1
38;940;1
38;939;1
38;186;1
38;963;1
38;724;1
38;116;1
38;73;1
38;270;1
38;386;1
39;260;1
39;531;1
39;439;1
39;665;1
39;829;1
39;711;1
39;246;1
40;930;1
40;139;1
40;579;1
40;347;1
40;958;1
40;826;1
40;685;1
40;943;1
40;443;1
40;79;1
40;854;1
40;118;1
40;903;1
41;413;1
41;847;1
41;146;1
41;417;1
41;646;1
41;123;1
41;812;1
42;676;1
42;894;1
42;674;1
42;860;1
42;517;1
42;55;1
42;81;1
42;744;1
42;754;1
42;728;1
42;477;1
42;58;1
42;89;1
42;735;1
42;867;1
42;743;1
43;394;1
43;916;1
43;414;1
43;420;1
43;944;1
43;637;1
43;240;1
43;820;1
44;660;1
44;536;1
44;257;1
44;268;1
44;789;1
44;815;1
44;565;1
44;694;1
44;311;1
44;59;1
44;96;1
45;461;1
45;910;1
45;220;1
45;95;1
45;252;1
45;458;1
45;750;1
45;818;1
45;567;1
46;779;1
46;810;1
46;636;1
46;160;1
46;971;1
46;475;1
46;811;1
46;234;1
46;673;1
46;220;1
46;562;1
46;446;1
46;834;1
46;112;1
47;393;1
47;526;1
47;916;1
47;125;1
47;767;1
47;586;1
47;200;1
47;901;1
48;898;1
48;969;1
48;663;1
48;820;1
48;670;1
48;535;1
48;509;1
48;883;1
49;300;1
49;716;1
49;792;1
49;922;1
49;926;1
49;806;1
49;256;1
49;755;1
50;908;1
50;429;1
50;410;1
50;103;1
50;122;1
50;710;1
50;164;1
50;998;1
50;560;1
50;254;1
51;517;1
51;307;1
51;973;1
51;754;1
51;795;1
51;832;1
51;55;1
51;490;1
51;892;1
52;557;1
52;90;1
52;342;1
52;349;1
52;418;1
52;423;1
52;962;1
52;800;1
52;679;1
52;954;1
52;117;1
52;224;1
52;678;1
52;365;1
52;166;1
52;115;1
52;458;1
52;887;1
52;178;1
52;803;1
52;680;1
52;272;1
52;185;1
52;964;1
52;840;1
53;557;1
53;629;1
53;542;1
53;943;1
53;948;1
53;858;1
53;731;1
53;339;1
53;705;1
53;911;1
53;443;1
53;79;1
54;560;1
54;528;1
54;925;1
54;990;1
54;534;1
54;473;1
55;517;1
55;894;1
55;277;1
55;795;1
55;822;1
55;934;1
55;995;1
55;456;1
55;732;1
55;831;1
55;973;1
55;743;1
55;126;1
56;946;1
56;780;1
56;716;1
56;113;1
56;588;1
56;82;1
56;947;1
56;874;1
56;792;1
57;902;1
57;142;1
57;911;1
57;354;1
57;488;1
57;247;1
57;601;1
57;923;1
57;724;1
57;879;1
58;63;1
58;344;1
58;604;1
58;566;1
58;978;1
58;665;1
58;956;1
58;108;1
58;852;1
58;72;1
58;712;1
58;866;1
58;497;1
58;709;1
59;497;1
59;257;1
59;815;1
59;311;1
59;789;1
59;96;1
59;191;1
59;104;1
59;552;1
59;336;1
59;565;1
59;707;1
59;185;1
59;709;1
59;526;1
59;65;1
60;752;1
60;532;1
60;83;1
60;62;1
60;510;1
61;551;1
61;894;1
61;648;1
61;791;1
61;249;1
61;764;1
61;503;1
61;362;1
62;391;1
62;77;1
62;472;1
62;322;1
62;719;1
62;718;1
62;387;1
62;464;1
62;480;1
62;83;1
62;392;1
62;580;1
62;302;1
62;92;1
62;435;1
62;748;1
62;576;1
62;616;1
63;195;1
63;187;1
63;913;1
64;462;1
64;207;1
64;167;1
64;100;1
64;983;1
65;854;1
65;533;1
65;815;1
65;311;1
65;257;1
65;179;1
65;789;1
65;694;1
65;895;1
65;527;1
66;698;1
66;550;1
66;348;1
66;519;1
66;400;1
66;848;1
66;379;1
66;572;1
67;281;1
67;918;1
67;880;1
67;912;1
67;514;1
67;921;1
67;955;1
67;814;1
67;519;1
67;121;1
68;174;1
68;779;1
68;875;1
68;714;1
68;112;1
68;312;1
68;218;1
68;617;1
68;234;1
69;674;1
69;655;1
69;534;1
69;692;1
69;132;1
69;341;1
70;619;1
70;959;1
70;978;1
70;832;1
70;733;1
70;720;1
70;344;1
70;866;1
70;497;1
71;134;1
71;260;1
71;656;1
71;824;1
71;327;1
71;638;1
71;829;1
71;639;1
71;371;1
71;711;1
71;439;1
71;807;1
71;298;1
71;501;1
71;174;1
71;570;1
71;715;1
71;246;1
71;492;1
72;310;1
72;900;1
72;720;1
72;471;1
72;956;1
72;334;1
72;204;1
72;344;1
72;866;1
72;823;1
73;418;1
73;421;1
73;557;1
73;721;1
74;746;1
74;199;1
74;306;1
74;606;1
74;642;1
74;525;1
74;798;1
74;671;1
75;557;1
75;964;1
75;365;1
75;423;1
75;665;1
75;358;1
76;659;1
76;674;1
76;822;1
76;973;1
76;133;1
76;996;1
76;671;1
76;672;1
76;481;1
76;100;1
77;580;1
77;92;1
77;718;1
77;132;1
77;480;1
77;556;1
77;719;1
77;441;1
77;502;1
77;391;1
77;343;1
77;83;1
77;472;1
77;387;1
77;464;1
77;982;1
77;884;1
78;679;1
78;557;1
78;178;1
78;166;1
78;941;1
78;467;1
78;342;1
78;537;1
79;172;1
79;685;1
79;948;1
79;823;1
79;301;1
79;816;1
79;766;1
79;877;1
79;705;1
79;802;1
79;731;1
79;858;1
79;617;1
79;622;1
79;481;1
79;223;1
79;943;1
79;139;1
79;245;1
79;362;1
79;579;1
79;347;1
79;355;1
79;591;1
79;842;1
79;958;1
79;473;1
79;161;1
79;612;1
79;339;1
79;687;1
79;443;1
79;154;1
79;201;1
79;102;1
79;255;1
79;319;1
79;478;1
79;278;1
80;448;1
80;847;1
80;417;1
80;217;1
80;153;1
80;146;1
80;603;1
80;233;1
80;812;1
81;674;1
81;888;1
81;126;1
81;602;1
81;871;1
81;249;1
82;808;1
82;780;1
82;782;1
82;941;1
82;113;1
82;716;1
82;118;1
82;403;1
83;187;1
83;361;1
83;692;1
83;556;1
83;302;1
83;322;1
83;580;1
83;343;1
84;901;1
84;844;1
84;723;1
84;967;1
84;599;1
84;864;1
84;100;1
84;830;1
85;95;1
85;703;1
85;149;1
85;697;1
85;222;1
85;963;1
86;436;1
86;282;1
86;284;1
86;373;1
86;294;1
86;729;1
86;582;1
86;409;1
86;805;1
87;308;1
87;855;1
87;338;1
87;361;1
87;235;1
87;759;1
87;627;1
87;299;1
87;826;1
87;314;1
87;706;1
87;994;1
88;277;1
88;674;1
88;831;1
88;837;1
88;477;1
88;594;1
89;797;1
89;795;1
89;860;1
89;408;1
90;421;1
90;557;1
90;721;1
90;342;1
90;136;1
91;691;1
91;97;1
91;184;1
91;204;1
91;518;1
91;447;1
91;214;1
92;132;1
92;392;1
92;580;1
92;719;1
93;129;1
93;790;1
93;624;1
93;345;1
93;667;1
93;486;1
93;377;1
93;506;1
93;123;1
93;255;1
93;97;1
94;932;1
94;206;1
94;211;1
94;734;1
94;479;1
94;924;1
94;328;1
94;396;1
94;133;1
95;461;1
95;859;1
95;567;1
95;220;1
95;818;1
95;252;1
95;548;1
95;750;1
95;507;1
95;447;1
95;287;1
95;106;1
95;623;1
96;416;1
96;929;1
96;815;1
96;565;1
96;635;1
96;482;1
97;665;1
97;182;1
97;978;1
97;604;1
97;471;1
97;866;1
97;646;1
98;913;1
98;465;1
98;792;1
98;865;1
98;309;1
98;403;1
98;119;1
98;696;1
98;922;1
98;793;1
98;806;1
98;871;1
98;634;1
98;903;1
98;278;1
98;917;1
98;926;1
98;492;1
98;484;1
98;893;1
98;623;1
98;286;1
98;775;1
98;852;1
98;918;1
98;755;1
99;265;1
99;537;1
99;192;1
99;709;1
99;465;1
99;596;1
99;742;1
100;987;1
100;864;1
100;351;1
101;788;1
101;688;1
101;148;1
101;512;1
101;304;1
101;746;1
101;631;1
101;490;1
102;172;1
102;685;1
102;943;1
102;948;1
102;591;1
102;301;1
102;600;1
102;842;1
102;359;1
103;267;1
103;662;1
103;786;1
104;789;1
104;815;1
104;819;1
104;565;1
104;268;1
104;573;1
104;106;1
105;310;1
105;448;1
105;832;1
105;331;1
105;850;1
105;497;1
105;952;1
105;325;1
106;268;1
106;929;1
106;815;1
106;311;1
106;707;1
106;431;1
106;233;1
106;598;1
107;147;1
107;176;1
107;700;1
107;615;1
107;851;1
107;194;1
107;862;1
107;585;1
107;770;1
107;177;1
107;209;1
107;504;1
107;298;1
108;900;1
108;956;1
108;959;1
108;720;1
108;752;1
108;497;1
109;256;1
109;262;1
109;424;1
109;759;1
109;766;1
110;646;1
110;847;1
110;417;1
111;370;1
111;768;1
111;395;1
111;668;1
112;735;1
112;743;1
112;779;1
112;915;1
112;681;1
112;810;1
112;875;1
112;213;1
112;230;1
112;422;1
112;562;1
112;218;1
112;449;1
112;611;1
112;673;1
112;835;1
112;297;1
112;475;1
112;747;1
112;234;1
112;312;1
112;359;1
112;325;1
112;714;1
112;971;1
112;160;1
112;907;1
112;636;1
112;144;1
112;870;1
112;645;1
113;197;1
113;839;1
113;593;1
113;874;1
114;897;1
114;570;1
114;583;1
114;609;1
114;363;1
114;727;1
114;900;1
114;319;1
115;721;1
115;140;1
116;899;1
116;459;1
116;724;1
116;394;1
116;247;1
116;382;1
116;367;1
116;364;1
116;808;1
116;142;1
116;725;1
116;354;1
116;879;1
116;625;1
116;868;1
116;677;1
116;911;1
116;741;1
116;225;1
116;586;1
116;685;1
116;727;1
116;891;1
116;763;1
116;258;1
117;803;1
117;421;1
117;680;1
117;557;1
117;721;1
117;342;1
118;780;1
118;941;1
118;618;1
118;603;1
119;926;1
119;755;1
119;871;1
119;304;1
120;308;1
120;521;1
120;668;1
120;527;1
120;391;1
121;562;1
121;392;1
121;322;1
121;719;1
122;410;1
122;710;1
122;468;1
122;760;1
123;140;1
123;658;1
123;624;1
123;520;1
123;289;1
123;739;1
123;610;1
123;255;1
124;384;1
124;919;1
124;938;1
124;939;1
124;499;1
124;231;1
125;669;1
125;393;1
125;200;1
125;420;1
125;544;1
126;659;1
126;831;1
126;973;1
126;360;1
126;743;1
126;277;1
126;607;1
126;822;1
126;602;1
126;735;1
126;680;1
126;785;1
127;216;1
127;265;1
127;785;1
127;537;1
127;321;1
127;465;1
127;742;1
127;870;1
128;348;1
128;519;1
128;379;1
128;572;1
128;418;1
128;641;1
128;848;1
128;698;1
129;493;1
129;345;1
129;255;1
129;797;1
129;737;1
129;520;1
129;790;1
129;377;1
129;506;1
129;450;1
130;635;1
130;137;1
130;564;1
130;642;1
130;905;1
130;218;1
130;388;1
130;801;1
130;804;1
130;563;1
131;523;1
131;644;1
131;505;1
131;931;1
131;364;1
131;651;1
131;280;1
131;408;1
131;222;1
132;785;1
132;718;1
132;502;1
132;334;1
132;748;1
132;556;1
132;391;1
132;322;1
132;856;1
132;302;1
132;441;1
132;580;1
132;719;1
132;849;1
133;516;1
133;852;1
133;529;1
133;478;1
133;669;1
133;968;1
133;813;1
134;264;1
134;801;1
134;647;1
134;650;1
134;563;1
134;498;1
135;643;1
135;142;1
135;225;1
135;879;1
135;625;1
135;808;1
135;690;1
135;677;1
135;186;1
135;459;1
135;724;1
135;382;1
136;689;1
136;692;1
136;508;1
136;655;1
136;825;1
136;165;1
136;295;1
136;701;1
137;296;1
137;362;1
137;650;1
137;498;1
137;252;1
138;836;1
138;462;1
138;695;1
138;648;1
138;553;1
139;339;1
139;172;1
139;672;1
139;802;1
139;674;1
139;685;1
139;948;1
139;443;1
139;336;1
140;520;1
140;493;1
140;345;1
140;790;1
140;255;1
141;308;1
141;768;1
141;395;1
141;324;1
141;177;1
141;287;1
141;292;1
142;364;1
142;229;1
142;305;1
142;247;1
142;643;1
142;902;1
142;594;1
142;601;1
142;514;1
142;677;1
142;683;1
142;724;1
142;225;1
142;879;1
142;382;1
143;516;1
143;478;1
143;619;1
143;682;1
143;197;1
143;852;1
144;650;1
144;936;1
144;257;1
144;843;1
144;273;1
144;929;1
144;552;1
144;694;1
144;765;1
145;942;1
145;444;1
145;346;1
145;168;1
145;617;1
145;163;1
145;427;1
146;962;1
146;847;1
146;748;1
146;407;1
146;217;1
146;603;1
146;417;1
147;176;1
147;615;1
147;341;1
147;189;1
147;851;1
147;862;1
147;313;1
147;386;1
147;504;1
147;879;1
147;585;1
148;518;1
148;318;1
148;666;1
148;274;1
148;946;1
148;846;1
148;551;1
148;856;1
148;541;1
148;315;1
148;799;1
148;296;1
148;560;1
148;688;1
148;573;1
148;631;1
148;489;1
149;660;1
149;697;1
149;955;1
149;693;1
150;304;1
150;560;1
150;869;1
150;543;1
150;758;1
150;158;1
150;946;1
150;688;1
150;846;1
150;631;1
151;196;1
151;214;1
151;540;1
151;177;1
152;489;1
152;389;1
152;263;1
152;208;1
152;157;1
152;269;1
152;397;1
152;775;1
152;514;1
153;388;1
153;646;1
153;847;1
153;407;1
153;844;1
154;998;1
154;672;1
154;161;1
154;355;1
154;830;1
154;685;1
154;481;1
155;443;1
155;196;1
155;524;1
155;330;1
155;272;1
155;271;1
155;303;1
155;353;1
156;644;1
156;523;1
156;258;1
156;651;1
156;408;1
156;760;1
156;180;1
156;183;1
156;774;1
156;838;1
156;173;1
156;931;1
156;758;1
156;280;1
156;316;1
156;621;1
156;977;1
156;505;1
156;599;1
157;389;1
157;269;1
157;208;1
157;547;1
157;397;1
157;263;1
157;586;1
158;863;1
158;737;1
158;512;1
158;304;1
158;198;1
158;631;1
158;740;1
158;494;1
158;666;1
158;274;1
158;820;1
158;688;1
159;451;1
159;912;1
159;918;1
159;281;1
159;620;1
159;955;1
160;521;1
160;384;1
160;704;1
160;779;1
160;907;1
160;297;1
160;259;1
160;446;1
160;834;1
161;542;1
161;347;1
161;685;1
161;943;1
161;948;1
161;443;1
161;481;1
162;785;1
162;587;1
162;830;1
162;742;1
162;374;1
162;865;1
162;192;1
162;709;1
162;596;1
163;836;1
163;427;1
163;949;1
163;181;1
163;882;1
163;684;1
163;434;1
163;942;1
163;453;1
163;168;1
163;661;1
163;346;1
163;646;1
163;185;1
163;291;1
164;680;1
164;662;1
164;267;1
164;477;1
164;429;1
164;997;1
164;998;1
165;635;1
165;538;1
165;825;1
165;295;1
165;701;1
166;349;1
166;458;1
166;178;1
166;680;1
166;308;1
166;679;1
166;557;1
166;964;1
166;467;1
166;674;1
166;889;1
167;225;1
167;285;1
167;462;1
167;935;1
167;559;1
167;861;1
167;983;1
167;988;1
167;353;1
167;989;1
167;387;1
168;661;1
168;444;1
168;346;1
168;949;1
168;427;1
169;360;1
169;916;1
169;413;1
169;200;1
169;657;1
169;240;1
170;330;1
170;231;1
170;540;1
170;196;1
171;512;1
171;333;1
171;411;1
171;660;1
171;445;1
172;219;1
172;223;1
172;802;1
172;617;1
172;542;1
172;301;1
172;687;1
172;986;1
172;685;1
172;948;1
172;481;1
173;408;1
173;523;1
173;589;1
173;258;1
173;644;1
173;505;1
173;316;1
173;651;1
173;760;1
173;772;1
173;931;1
173;564;1
173;315;1
174;260;1
174;638;1
174;814;1
174;288;1
174;371;1
174;236;1
174;829;1
174;433;1
174;246;1
174;824;1
174;550;1
175;930;1
175;738;1
175;630;1
175;190;1
175;308;1
175;314;1
175;855;1
175;235;1
175;511;1
176;770;1
176;337;1
176;536;1
176;700;1
176;209;1
177;297;1
177;386;1
177;933;1
177;781;1
177;821;1
177;700;1
178;800;1
178;421;1
178;557;1
178;356;1
179;945;1
179;257;1
179;815;1
179;952;1
179;621;1
179;233;1
179;527;1
179;565;1
180;678;1
180;258;1
180;644;1
180;772;1
180;589;1
180;781;1
181;291;1
181;427;1
181;504;1
181;675;1
182;416;1
182;497;1
182;184;1
182;614;1
182;310;1
182;832;1
183;258;1
183;774;1
183;316;1
183;405;1
184;486;1
184;665;1
184;566;1
184;310;1
184;359;1
184;344;1
184;947;1
184;733;1
185;929;1
185;565;1
185;715;1
185;621;1
185;482;1
185;552;1
185;936;1
185;431;1
185;789;1
185;405;1
185;286;1
186;911;1
186;677;1
186;488;1
186;957;1
186;899;1
186;715;1
186;724;1
186;879;1
186;363;1
186;548;1
187;195;1
187;262;1
188;274;1
188;561;1
188;666;1
188;788;1
188;614;1
188;541;1
188;362;1
188;846;1
188;740;1
188;746;1
188;631;1
188;441;1
189;246;1
189;777;1
189;933;1
189;194;1
189;690;1
189;770;1
189;337;1
189;851;1
189;862;1
189;950;1
189;700;1
189;571;1
189;504;1
189;947;1
190;652;1
190;796;1
190;592;1
190;550;1
191;774;1
191;884;1
191;929;1
191;815;1
191;565;1
192;999;1
192;717;1
192;733;1
192;773;1
192;709;1
192;596;1
192;470;1
192;742;1
193;963;1
193;740;1
193;445;1
193;984;1
193;552;1
193;411;1
194;305;1
194;514;1
194;386;1
194;950;1
194;700;1
195;913;1
195;200;1
195;205;1
195;424;1
196;540;1
196;271;1
196;272;1
196;524;1
196;981;1
196;214;1
196;303;1
197;941;1
197;874;1
197;690;1
197;716;1
197;873;1
197;898;1
198;869;1
198;817;1
198;356;1
198;390;1
198;846;1
199;954;1
199;525;1
199;568;1
199;749;1
199;649;1
199;800;1
199;606;1
200;393;1
200;944;1
200;767;1
200;916;1
200;801;1
201;685;1
201;948;1
201;347;1
201;877;1
201;802;1
201;510;1
201;537;1
201;933;1
202;645;1
202;932;1
202;328;1
202;279;1
202;972;1
202;857;1
202;479;1
203;299;1
203;308;1
203;320;1
203;828;1
203;630;1
203;994;1
203;250;1
203;875;1
204;667;1
204;956;1
204;866;1
204;809;1
204;497;1
205;459;1
205;262;1
205;350;1
205;426;1
206;645;1
206;924;1
206;396;1
206;801;1
206;734;1
206;794;1
207;219;1
207;935;1
207;553;1
207;695;1
208;397;1
208;547;1
208;389;1
208;263;1
208;775;1
208;290;1
208;269;1
208;539;1
209;514;1
209;933;1
209;966;1
209;507;1
210;260;1
210;656;1
210;578;1
210;807;1
210;533;1
210;485;1
210;246;1
211;932;1
211;613;1
211;645;1
211;396;1
211;328;1
211;972;1
211;840;1
211;857;1
211;734;1
212;785;1
212;537;1
212;830;1
212;596;1
212;742;1
212;999;1
213;779;1
213;681;1
213;810;1
213;562;1
213;230;1
213;403;1
213;234;1
213;391;1
214;673;1
214;732;1
214;272;1
214;540;1
214;330;1
214;353;1
215;276;1
215;841;1
215;727;1
215;363;1
215;920;1
215;227;1
215;487;1
215;808;1
215;571;1
215;445;1
216;920;1
216;632;1
216;570;1
216;609;1
217;407;1
217;646;1
217;797;1
217;417;1
217;812;1
217;357;1
218;681;1
218;810;1
218;834;1
219;685;1
219;943;1
219;816;1
219;443;1
220;910;1
220;859;1
220;252;1
220;316;1
220;567;1
221;785;1
221;321;1
221;709;1
221;596;1
221;271;1
222;894;1
222;454;1
222;703;1
222;660;1
222;574;1
222;697;1
222;813;1
223;685;1
223;943;1
223;948;1
223;443;1
223;714;1
224;679;1
224;557;1
224;954;1
224;812;1
224;943;1
225;677;1
225;594;1
225;724;1
225;879;1
225;382;1
226;683;1
226;724;1
226;725;1
226;594;1
226;911;1
226;374;1
226;656;1
227;555;1
227;945;1
227;982;1
227;629;1
228;390;1
228;979;1
228;726;1
228;987;1
228;864;1
228;637;1
228;372;1
228;723;1
228;340;1
228;605;1
228;970;1
228;312;1
228;751;1
229;899;1
229;683;1
229;940;1
229;963;1
229;643;1
229;431;1
229;879;1
230;764;1
230;779;1
230;915;1
230;675;1
230;681;1
230;562;1
230;834;1
230;325;1
230;234;1
230;875;1
230;862;1
231;725;1
231;826;1
231;330;1
231;353;1
231;303;1
232;456;1
232;521;1
232;853;1
232;757;1
232;426;1
232;400;1
232;334;1
232;489;1
232;804;1
232;510;1
233;257;1
233;929;1
233;815;1
233;565;1
233;442;1
234;779;1
234;681;1
234;834;1
234;714;1
234;449;1
234;673;1
234;907;1
234;359;1
234;636;1
234;675;1
234;562;1
234;312;1
234;422;1
234;971;1
234;428;1
234;611;1
234;835;1
234;425;1
234;810;1
234;811;1
234;237;1
234;604;1
234;634;1
234;572;1
235;994;1
235;338;1
235;511;1
235;630;1
235;845;1
235;742;1
236;706;1
236;352;1
236;578;1
236;807;1
236;501;1
236;933;1
236;809;1
236;317;1
237;779;1
237;681;1
237;810;1
237;425;1
237;325;1
238;724;1
238;384;1
238;495;1
238;904;1
238;432;1
238;722;1
238;919;1
238;645;1
239;275;1
239;406;1
239;853;1
239;489;1
239;380;1
239;757;1
239;426;1
239;527;1
239;521;1
239;866;1
240;916;1
240;786;1
240;803;1
241;961;1
241;906;1
241;401;1
241;794;1
241;440;1
241;375;1
241;544;1
241;597;1
241;251;1
241;571;1
242;390;1
242;844;1
242;987;1
242;684;1
243;768;1
243;395;1
243;569;1
243;885;1
243;270;1
243;653;1
243;556;1
244;662;1
244;998;1
244;976;1
244;908;1
244;254;1
245;685;1
245;943;1
245;948;1
245;823;1
245;421;1
245;719;1
246;395;1
246;260;1
246;781;1
246;827;1
246;829;1
246;501;1
246;533;1
246;616;1
246;711;1
246;814;1
246;352;1
246;807;1
246;713;1
246;371;1
246;329;1
246;884;1
247;683;1
247;586;1
247;724;1
247;879;1
247;978;1
248;817;1
248;773;1
248;652;1
248;266;1
248;758;1
249;323;1
249;648;1
249;419;1
249;881;1
250;930;1
250;299;1
250;828;1
250;319;1
250;759;1
250;511;1
251;906;1
251;401;1
251;513;1
251;597;1
251;994;1
252;688;1
252;461;1
252;548;1
252;818;1
252;447;1
253;940;1
253;965;1
253;457;1
253;528;1
253;469;1
254;998;1
254;997;1
254;551;1
255;289;1
255;739;1
255;486;1
255;790;1
255;797;1
255;658;1
255;493;1
255;506;1
255;497;1
256;664;1
256;350;1
256;383;1
257;715;1
257;821;1
257;789;1
257;815;1
257;565;1
258;774;1
258;523;1
258;644;1
258;326;1
259;404;1
259;698;1
259;545;1
259;889;1
260;713;1
260;711;1
260;352;1
260;578;1
260;371;1
260;329;1
260;807;1
260;781;1
260;533;1
260;439;1
260;639;1
260;616;1
260;706;1
260;298;1
260;709;1
260;481;1
260;266;1
260;501;1
261;768;1
261;653;1
261;270;1
261;430;1
261;942;1
261;292;1
261;885;1
262;350;1
262;424;1
263;595;1
263;550;1
263;397;1
263;290;1
264;948;1
264;905;1
264;647;1
264;388;1
264;694;1
264;650;1
264;498;1
265;717;1
265;745;1
265;381;1
265;587;1
265;418;1
265;785;1
265;537;1
265;321;1
265;709;1
265;596;1
265;733;1
265;742;1
265;999;1
266;746;1
266;741;1
266;796;1
267;468;1
267;976;1
267;710;1
267;822;1
268;552;1
268;715;1
268;765;1
268;565;1
268;843;1
268;311;1
268;929;1
268;751;1
268;815;1
268;893;1
269;981;1
269;389;1
269;775;1
269;547;1
269;397;1
270;289;1
270;768;1
270;769;1
270;576;1
270;885;1
271;330;1
271;524;1
271;303;1
271;353;1
272;661;1
272;303;1
272;524;1
272;540;1
272;738;1
272;353;1
273;291;1
273;898;1
273;969;1
273;820;1
273;413;1
273;535;1
273;663;1
274;746;1
274;657;1
274;856;1
274;666;1
274;531;1
274;539;1
274;923;1
274;560;1
274;561;1
274;688;1
275;521;1
275;426;1
275;380;1
275;853;1
275;788;1
275;406;1
275;489;1
276;897;1
276;487;1
276;945;1
276;755;1
276;920;1
276;681;1
277;627;1
277;977;1
277;477;1
277;744;1
277;626;1
277;809;1
277;837;1
278;917;1
278;903;1
278;484;1
278;950;1
279;878;1
279;894;1
279;607;1
279;977;1
279;735;1
279;490;1
279;655;1
279;674;1
279;822;1
279;728;1
280;644;1
280;651;1
280;968;1
280;948;1
281;918;1
281;912;1
281;608;1
281;955;1
281;451;1
281;921;1
281;880;1
281;620;1
281;435;1
282;654;1
282;335;1
282;729;1
282;436;1
282;405;1
282;284;1
282;559;1
283;382;1
283;874;1
283;403;1
283;480;1
283;286;1
284;335;1
284;405;1
284;729;1
284;523;1
284;294;1
284;432;1
284;455;1
284;779;1
285;553;1
285;983;1
285;559;1
285;833;1
285;695;1
285;448;1
286;792;1
286;917;1
286;484;1
286;755;1
287;385;1
287;885;1
287;704;1
287;569;1
287;359;1
288;879;1
288;760;1
288;656;1
288;639;1
288;371;1
288;807;1
288;814;1
288;638;1
288;719;1
289;506;1
289;739;1
289;658;1
289;624;1
289;377;1
290;527;1
290;775;1
290;547;1
291;960;1
291;949;1
291;427;1
291;942;1
291;346;1
291;849;1
292;768;1
292;769;1
292;385;1
292;569;1
292;366;1
292;368;1
292;835;1
293;384;1
293;904;1
293;919;1
293;823;1
293;495;1
293;499;1
294;405;1
294;409;1
294;729;1
294;440;1
294;572;1
295;655;1
295;534;1
295;508;1
295;315;1
295;692;1
295;825;1
295;689;1
295;904;1
295;701;1
295;419;1
296;512;1
296;539;1
296;923;1
296;981;1
296;846;1
296;740;1
296;746;1
296;631;1
297;681;1
297;971;1
297;875;1
297;449;1
297;562;1
297;325;1
297;696;1
298;763;1
298;987;1
298;638;1
298;980;1
298;827;1
299;338;1
299;511;1
299;582;1
299;691;1
299;308;1
299;319;1
299;320;1
299;994;1
300;659;1
300;934;1
300;674;1
300;517;1
300;735;1
301;802;1
301;685;1
301;542;1
301;441;1
301;948;1
301;591;1
301;545;1
302;395;1
302;387;1
302;719;1
302;598;1
302;499;1
302;580;1
303;330;1
303;540;1
303;353;1
303;963;1
304;399;1
304;657;1
304;318;1
304;558;1
304;563;1
304;631;1
305;643;1
305;394;1
305;677;1
305;683;1
305;724;1
305;879;1
305;382;1
305;581;1
306;994;1
306;606;1
306;671;1
306;749;1
306;986;1
306;657;1
306;687;1
307;626;1
307;860;1
307;837;1
307;332;1
307;475;1
307;822;1
307;438;1
307;735;1
307;995;1
308;369;1
308;738;1
308;361;1
308;691;1
308;828;1
308;314;1
308;319;1
308;855;1
308;759;1
308;826;1
308;320;1
308;974;1
308;980;1
308;975;1
308;799;1
308;582;1
308;994;1
309;903;1
309;403;1
309;792;1
309;623;1
309;893;1
309;900;1
310;667;1
310;604;1
310;712;1
310;566;1
310;956;1
310;331;1
310;390;1
310;471;1
310;782;1
311;929;1
311;552;1
311;815;1
311;789;1
311;431;1
311;715;1
311;685;1
312;756;1
312;779;1
312;675;1
312;810;1
312;428;1
312;702;1
313;457;1
313;742;1
313;514;1
313;933;1
313;700;1
313;575;1
313;851;1
313;761;1
313;581;1
314;342;1
314;319;1
314;826;1
314;582;1
314;730;1
314;930;1
314;759;1
314;699;1
314;994;1
315;655;1
315;692;1
315;701;1
316;774;1
316;651;1
317;326;1
317;503;1
317;791;1
317;648;1
317;953;1
318;518;1
318;560;1
318;799;1
318;370;1
318;746;1
318;494;1
319;930;1
319;627;1
319;369;1
319;980;1
319;855;1
319;993;1
319;974;1
319;582;1
319;958;1
320;725;1
320;974;1
320;975;1
320;994;1
321;999;1
321;830;1
321;381;1
321;460;1
321;415;1
321;985;1
321;733;1
321;785;1
321;628;1
321;709;1
321;753;1
321;374;1
321;717;1
321;603;1
321;565;1
321;596;1
322;634;1
322;464;1
322;556;1
322;510;1
322;502;1
322;718;1
322;435;1
322;849;1
322;719;1
323;326;1
323;405;1
323;648;1
323;953;1
323;881;1
324;570;1
324;768;1
324;385;1
324;653;1
324;983;1
324;366;1
324;885;1
324;881;1
324;815;1
325;864;1
325;779;1
325;810;1
325;686;1
325;834;1
325;475;1
325;907;1
325;915;1
325;681;1
325;673;1
325;425;1
325;835;1
325;562;1
326;503;1
326;648;1
326;953;1
326;881;1
327;814;1
327;706;1
327;485;1
327;985;1
328;645;1
328;932;1
328;396;1
328;734;1
328;766;1
328;756;1
329;656;1
329;827;1
329;371;1
329;616;1
329;946;1
330;517;1
330;607;1
330;989;1
331;959;1
331;956;1
331;471;1
332;934;1
332;831;1
332;490;1
332;962;1
333;800;1
333;972;1
333;984;1
333;976;1
333;411;1
334;838;1
334;580;1
334;982;1
335;654;1
335;373;1
335;928;1
335;405;1
335;729;1
336;697;1
336;929;1
336;815;1
336;422;1
337;574;1
337;514;1
337;790;1
337;845;1
338;826;1
338;974;1
338;738;1
338;980;1
338;855;1
338;914;1
338;993;1
339;910;1
339;802;1
339;685;1
339;948;1
339;443;1
339;600;1
339;786;1
340;640;1
340;390;1
340;961;1
340;967;1
340;979;1
340;726;1
340;987;1
340;751;1
341;386;1
341;933;1
341;950;1
341;581;1
341;770;1
342;879;1
342;557;1
342;800;1
342;458;1
342;365;1
342;423;1
342;349;1
342;679;1
342;840;1
342;680;1
342;964;1
342;467;1
342;803;1
342;721;1
342;887;1
342;818;1
342;358;1
343;464;1
343;510;1
343;480;1
343;441;1
344;667;1
344;416;1
344;978;1
344;604;1
344;665;1
344;566;1
344;497;1
344;866;1
344;471;1
344;900;1
344;934;1
344;440;1
345;790;1
345;624;1
345;902;1
345;429;1
346;444;1
346;924;1
347;943;1
347;948;1
347;766;1
348;662;1
348;452;1
348;519;1
348;432;1
348;698;1
348;572;1
349;800;1
349;418;1
349;557;1
350;913;1
350;709;1
351;995;1
351;567;1
351;390;1
351;398;1
351;844;1
351;665;1
352;533;1
352;713;1
352;656;1
352;573;1
352;639;1
353;524;1
354;677;1
354;724;1
354;725;1
354;586;1
354;940;1
354;632;1
354;879;1
354;382;1
354;986;1
354;491;1
355;685;1
355;943;1
355;816;1
355;823;1
355;443;1
355;481;1
355;473;1
355;566;1
356;543;1
356;817;1
356;494;1
356;869;1
356;631;1
357;785;1
357;537;1
357;596;1
357;742;1
358;800;1
358;421;1
358;678;1
358;557;1
358;964;1
358;680;1
358;992;1
359;468;1
359;422;1
359;562;1
359;834;1
360;894;1
360;795;1
360;995;1
360;618;1
361;855;1
361;994;1
361;730;1
362;685;1
362;948;1
362;443;1
362;481;1
363;727;1
363;897;1
363;632;1
363;629;1
363;929;1
364;683;1
364;724;1
364;459;1
364;616;1
364;879;1
364;771;1
364;950;1
365;679;1
365;557;1
365;641;1
366;768;1
366;653;1
366;368;1
366;769;1
366;576;1
366;430;1
367;643;1
367;683;1
367;724;1
367;879;1
367;382;1
367;520;1
368;916;1
368;768;1
368;769;1
368;395;1
369;691;1
369;994;1
369;907;1
370;466;1
370;469;1
370;928;1
370;457;1
370;951;1
370;990;1
370;523;1
370;378;1
371;533;1
371;501;1
372;390;1
372;723;1
372;726;1
372;987;1
372;751;1
372;509;1
373;729;1
373;405;1
373;997;1
374;785;1
374;709;1
374;596;1
374;742;1
374;870;1
375;513;1
375;906;1
375;401;1
375;440;1
375;496;1
376;659;1
376;456;1
376;795;1
376;995;1
376;474;1
376;888;1
376;598;1
377;790;1
377;797;1
377;493;1
377;624;1
377;520;1
377;814;1
378;390;1
378;987;1
378;864;1
378;961;1
378;599;1
378;463;1
379;519;1
379;550;1
379;914;1
379;536;1
380;521;1
380;406;1
380;853;1
380;489;1
381;787;1
381;809;1
381;709;1
381;742;1
382;808;1
382;683;1
382;963;1
382;724;1
382;879;1
382;595;1
382;899;1
382;488;1
382;677;1
382;741;1
382;459;1
382;433;1
383;937;1
383;839;1
383;593;1
383;874;1
383;618;1
383;500;1
384;432;1
384;938;1
384;886;1
384;495;1
384;722;1
384;787;1
384;919;1
385;768;1
385;769;1
385;554;1
385;653;1
385;550;1
385;395;1
385;861;1
386;938;1
386;770;1
386;950;1
386;514;1
386;732;1
386;585;1
386;577;1
386;966;1
386;615;1
386;571;1
386;581;1
386;504;1
386;851;1
386;538;1
387;899;1
387;441;1
387;502;1
387;718;1
387;719;1
387;580;1
387;435;1
388;955;1
388;905;1
388;498;1
388;564;1
388;883;1
388;563;1
388;711;1
389;657;1
389;816;1
389;929;1
389;397;1
389;547;1
390;640;1
390;463;1
390;637;1
390;476;1
390;726;1
390;987;1
390;398;1
390;901;1
390;967;1
390;884;1
390;864;1
390;876;1
390;499;1
390;857;1
390;961;1
390;979;1
391;683;1
391;768;1
391;532;1
391;480;1
392;441;1
392;532;1
392;580;1
392;630;1
392;719;1
393;868;1
393;878;1
393;778;1
393;767;1
393;414;1
393;413;1
393;787;1
393;786;1
393;420;1
393;870;1
394;899;1
394;724;1
395;768;1
395;653;1
395;430;1
395;569;1
395;704;1
395;554;1
395;576;1
396;666;1
396;645;1
396;491;1
396;932;1
396;734;1
397;775;1
397;547;1
397;490;1
398;640;1
398;901;1
398;864;1
398;822;1
398;987;1
398;751;1
398;884;1
398;621;1
398;597;1
399;740;1
399;543;1
399;688;1
399;680;1
399;558;1
399;746;1
399;631;1
399;827;1
400;583;1
400;521;1
400;489;1
400;668;1
400;412;1
400;621;1
400;695;1
401;783;1
401;590;1
401;513;1
401;546;1
401;838;1
401;440;1
401;496;1
402;511;1
402;934;1
402;521;1
402;668;1
402;489;1
402;556;1
403;408;1
403;917;1
403;893;1
403;484;1
403;492;1
403;696;1
403;903;1
403;755;1
403;806;1
403;836;1
403;792;1
404;596;1
404;984;1
404;411;1
404;545;1
404;445;1
404;483;1
405;654;1
405;645;1
405;805;1
406;489;1
406;426;1
406;527;1
406;412;1
407;646;1
407;847;1
407;812;1
408;774;1
408;838;1
409;729;1
409;417;1
410;662;1
410;710;1
410;747;1
411;445;1
411;889;1
411;984;1
412;521;1
412;668;1
412;757;1
412;622;1
412;960;1
412;853;1
412;489;1
413;526;1
413;767;1
413;414;1
413;786;1
414;526;1
414;916;1
414;515;1
415;624;1
415;537;1
415;470;1
415;733;1
415;596;1
415;877;1
415;709;1
415;742;1
416;665;1
416;448;1
416;900;1
416;959;1
416;471;1
416;831;1
417;603;1
417;847;1
417;812;1
417;855;1
418;800;1
418;803;1
418;557;1
418;542;1
419;578;1
419;881;1
419;764;1
420;778;1
420;526;1
420;786;1
420;767;1
420;527;1
421;557;1
421;423;1
421;476;1
422;673;1
422;636;1
422;810;1
422;681;1
422;834;1
422;708;1
422;875;1
423;803;1
423;964;1
423;686;1
423;557;1
423;973;1
424;913;1
424;579;1
425;810;1
425;562;1
425;673;1
425;573;1
426;521;1
426;888;1
426;960;1
426;853;1
426;489;1
427;942;1
427;949;1
427;453;1
427;434;1
427;684;1
427;836;1
427;661;1
427;444;1
427;882;1
427;433;1
428;810;1
428;915;1
428;864;1
428;611;1
429;976;1
429;908;1
429;468;1
429;997;1
429;779;1
430;768;1
430;896;1
431;552;1
431;815;1
431;819;1
431;968;1
432;919;1
432;495;1
432;787;1
432;499;1
433;533;1
433;764;1
434;557;1
434;661;1
434;684;1
434;949;1
435;532;1
435;556;1
435;768;1
435;719;1
435;849;1
435;510;1
436;654;1
436;805;1
436;439;1
436;773;1
437;977;1
437;451;1
437;921;1
437;608;1
437;955;1
438;822;1
438;626;1
438;872;1
438;463;1
438;651;1
438;552;1
439;612;1
439;807;1
439;786;1
439;827;1
439;694;1
440;565;1
440;496;1
440;794;1
440;597;1
440;590;1
440;890;1
440;836;1
441;775;1
441;532;1
441;598;1
441;580;1
442;929;1
442;815;1
442;895;1
442;455;1
442;565;1
442;952;1
442;939;1
443;840;1
443;685;1
443;687;1
443;600;1
443;766;1
443;515;1
443;731;1
443;702;1
443;823;1
443;816;1
443;481;1
443;842;1
443;705;1
443;877;1
443;802;1
443;579;1
443;542;1
443;801;1
443;847;1
446;681;1
446;834;1
446;810;1
446;978;1
446;875;1
447;964;1
447;548;1
447;567;1
447;750;1
448;712;1
448;471;1
448;850;1
448;604;1
448;497;1
449;779;1
449;915;1
449;673;1
449;681;1
449;810;1
449;834;1
450;512;1
450;788;1
450;946;1
450;657;1
450;631;1
451;912;1
451;955;1
451;934;1
451;918;1
451;921;1
451;880;1
452;904;1
452;641;1
452;848;1
452;630;1
453;661;1
453;836;1
453;684;1
453;819;1
454;574;1
454;813;1
454;703;1
454;814;1
454;660;1
455;647;1
455;936;1
455;565;1
455;715;1
455;694;1
455;482;1
456;822;1
456;831;1
456;735;1
456;995;1
456;490;1
457;856;1
457;530;1
457;466;1
457;784;1
457;928;1
458;557;1
458;838;1
458;983;1
459;683;1
459;601;1
459;724;1
459;879;1
460;685;1
460;809;1
460;709;1
460;465;1
460;596;1
461;818;1
461;507;1
461;855;1
461;910;1
461;859;1
461;548;1
462;935;1
462;638;1
462;983;1
462;989;1
463;967;1
463;726;1
463;588;1
463;723;1
463;864;1
463;751;1
464;993;1
464;580;1
464;719;1
465;537;1
465;709;1
465;809;1
465;717;1
465;870;1
465;830;1
465;596;1
466;990;1
466;892;1
466;925;1
466;907;1
466;469;1
466;951;1
467;679;1
467;840;1
467;954;1
467;557;1
467;680;1
467;803;1
467;887;1
467;956;1
468;679;1
468;908;1
468;710;1
469;528;1
469;925;1
469;928;1
469;771;1
469;805;1
469;640;1
470;785;1
470;537;1
470;709;1
470;587;1
470;596;1
470;830;1
470;600;1
471;828;1
471;665;1
471;956;1
471;566;1
471;797;1
471;497;1
472;742;1
472;719;1
472;510;1
473;685;1
473;943;1
473;948;1
473;762;1
474;894;1
474;934;1
474;728;1
474;867;1
474;888;1
474;902;1
474;743;1
474;776;1
475;789;1
475;681;1
476;536;1
476;726;1
476;961;1
476;864;1
477;894;1
477;674;1
477;973;1
477;735;1
478;516;1
478;968;1
478;909;1
478;669;1
478;676;1
478;722;1
479;645;1
479;932;1
479;734;1
479;857;1
479;800;1
480;580;1
480;922;1
481;685;1
481;943;1
481;947;1
481;731;1
481;766;1
481;705;1
481;802;1
481;791;1
482;699;1
482;929;1
482;936;1
482;815;1
482;715;1
482;493;1
482;621;1
483;945;1
483;841;1
483;610;1
483;629;1
483;515;1
483;596;1
484;784;1
484;818;1
484;770;1
484;903;1
484;696;1
485;639;1
485;824;1
485;710;1
486;790;1
486;624;1
486;797;1
486;937;1
487;897;1
487;920;1
487;945;1
487;681;1
488;899;1
488;677;1
488;683;1
488;963;1
488;724;1
488;879;1
488;685;1
488;600;1
488;500;1
489;527;1
489;668;1
489;521;1
489;757;1
489;960;1
490;795;1
490;934;1
490;659;1
490;626;1
490;822;1
491;932;1
491;857;1
491;633;1
492;917;1
492;792;1
492;926;1
492;755;1
493;911;1
493;790;1
493;739;1
493;624;1
494;946;1
494;688;1
494;846;1
494;746;1
494;981;1
494;541;1
494;560;1
494;543;1
494;718;1
495;832;1
495;631;1
495;939;1
495;904;1
495;693;1
495;722;1
495;787;1
495;919;1
495;500;1
495;499;1
496;794;1
496;544;1
496;583;1
497;850;1
497;604;1
497;712;1
497;752;1
497;566;1
497;667;1
497;665;1
497;959;1
497;978;1
497;720;1
497;900;1
497;754;1
498;635;1
498;883;1
498;643;1
499;594;1
499;904;1
499;939;1
499;722;1
499;983;1
500;522;1
500;780;1
500;874;1
500;873;1
500;937;1
500;762;1
501;827;1
501;774;1
502;879;1
502;631;1
502;530;1
502;532;1
502;510;1
503;739;1
503;970;1
503;648;1
503;791;1
503;953;1
504;770;1
504;777;1
504;700;1
505;774;1
505;523;1
505;669;1
505;948;1
506;520;1
506;658;1
506;790;1
506;699;1
507;750;1
507;818;1
508;959;1
508;534;1
509;563;1
509;969;1
509;535;1
509;820;1
510;556;1
510;719;1
510;982;1
510;849;1
511;994;1
512;846;1
512;584;1
512;863;1
512;573;1
512;657;1
512;965;1
512;631;1
513;728;1
513;597;1
513;544;1
513;914;1
514;581;1
514;615;1
514;851;1
514;732;1
514;571;1
514;862;1
514;575;1
514;723;1
514;959;1
514;933;1
514;700;1
515;947;1
515;672;1
515;835;1
515;685;1
515;943;1
515;948;1
516;968;1
516;522;1
516;676;1
516;909;1
516;619;1
516;734;1
516;852;1
516;682;1
517;878;1
517;735;1
517;626;1
517;674;1
517;973;1
518;666;1
518;746;1
518;737;1
518;551;1
518;558;1
518;587;1
518;573;1
519;795;1
519;848;1
519;698;1
519;914;1
520;790;1
521;668;1
521;527;1
521;757;1
521;853;1
521;960;1
521;647;1
521;652;1
522;968;1
522;682;1
522;909;1
522;619;1
523;644;1
523;774;1
523;838;1
524;540;1
524;566;1
525;860;1
525;649;1
525;671;1
525;606;1
525;986;1
525;605;1
525;875;1
526;630;1
526;944;1
527;960;1
527;668;1
527;853;1
527;824;1
528;928;1
528;990;1
528;892;1
528;951;1
528;788;1
529;968;1
529;909;1
529;676;1
529;706;1
529;852;1
529;669;1
529;921;1
529;642;1
529;848;1
529;698;1
530;974;1
530;720;1
530;784;1
530;990;1
531;656;1
531;827;1
531;942;1
531;706;1
532;611;1
532;976;1
533;638;1
533;807;1
534;655;1
534;927;1
534;538;1
534;973;1
535;898;1
535;670;1
535;952;1
536;901;1
536;864;1
536;844;1
536;751;1
536;917;1
537;785;1
537;830;1
537;809;1
537;628;1
537;985;1
537;742;1
537;761;1
537;709;1
537;596;1
538;655;1
538;927;1
538;689;1
538;939;1
538;692;1
538;825;1
538;701;1
539;666;1
539;573;1
539;737;1
539;988;1
539;799;1
539;946;1
539;561;1
539;688;1
539;631;1
539;686;1
540;566;1
540;748;1
541;740;1
541;863;1
541;551;1
541;893;1
541;560;1
541;946;1
541;688;1
541;965;1
541;746;1
542;877;1
542;948;1
542;958;1
542;731;1
542;612;1
542;685;1
542;943;1
543;981;1
543;584;1
543;785;1
543;846;1
543;631;1
544;906;1
545;984;1
545;889;1
546;584;1
546;906;1
546;783;1
546;794;1
547;775;1
548;859;1
548;750;1
549;994;1
549;776;1
549;876;1
549;751;1
549;678;1
550;848;1
551;788;1
551;817;1
552;815;1
552;565;1
553;989;1
553;562;1
553;559;1
553;861;1
554;768;1
554;653;1
554;704;1
555;664;1
555;920;1
555;610;1
555;583;1
555;765;1
555;791;1
556;718;1
556;719;1
557;679;1
557;964;1
557;678;1
557;962;1
557;680;1
557;840;1
557;954;1
557;887;1
557;721;1
557;803;1
557;800;1
557;706;1
557;573;1
558;981;1
558;737;1
558;817;1
558;787;1
558;688;1
558;991;1
558;631;1
559;861;1
559;695;1
560;799;1
560;863;1
560;965;1
561;737;1
561;869;1
561;843;1
561;846;1
562;944;1
562;907;1
562;810;1
562;636;1
562;675;1
562;673;1
562;971;1
563;642;1
563;650;1
563;804;1
563;883;1
563;896;1
564;939;1
564;802;1
564;896;1
564;680;1
565;929;1
565;895;1
565;843;1
565;707;1
565;694;1
565;765;1
565;701;1
566;900;1
567;751;1
568;649;1
568;798;1
568;606;1
568;986;1
568;758;1
569;741;1
570;945;1
570;609;1
570;629;1
570;727;1
570;807;1
571;933;1
571;966;1
572;641;1
572;698;1
573;923;1
573;702;1
574;703;1
574;660;1
574;697;1
574;622;1
575;923;1
575;700;1
575;740;1
575;581;1
575;862;1
576;768;1
576;835;1
576;885;1
577;991;1
577;777;1
577;700;1
577;996;1
578;706;1
579;685;1
579;943;1
579;948;1
580;598;1
580;719;1
580;748;1
580;606;1
580;928;1
581;770;1
581;690;1
581;851;1
581;821;1
581;966;1
581;585;1
582;855;1
582;759;1
582;630;1
582;893;1
582;994;1
583;920;1
583;609;1
583;727;1
583;632;1
583;780;1
584;688;1
584;817;1
584;631;1
585;690;1
586;724;1
586;879;1
586;928;1
586;868;1
586;912;1
586;924;1
587;702;1
587;709;1
587;596;1
587;742;1
587;870;1
588;782;1
588;612;1
588;873;1
589;644;1
589;772;1
589;931;1
589;979;1
590;668;1
590;906;1
590;922;1
591;685;1
591;948;1
591;958;1
591;601;1
592;771;1
592;652;1
592;773;1
593;782;1
593;618;1
593;634;1
593;874;1
594;677;1
594;683;1
594;868;1
594;724;1
594;639;1
595;677;1
595;643;1
595;957;1
595;724;1
595;763;1
596;839;1
596;785;1
596;809;1
596;709;1
596;830;1
596;733;1
596;717;1
596;745;1
596;753;1
596;742;1
596;761;1
596;628;1
596;870;1
596;804;1
596;941;1
597;906;1
597;890;1
598;785;1
599;961;1
599;876;1
599;979;1
599;987;1
599;864;1
600;685;1
600;943;1
601;808;1
601;683;1
601;724;1
601;879;1
602;730;1
602;674;1
602;831;1
602;895;1
602;886;1
603;847;1
603;812;1
604;864;1
604;866;1
605;776;1
605;979;1
605;726;1
605;864;1
606;649;1
606;986;1
606;798;1
606;749;1
607;674;1
607;837;1
607;894;1
608;912;1
608;918;1
608;628;1
608;829;1
609;920;1
609;610;1
609;900;1
610;727;1
610;841;1
610;920;1
610;835;1
611;779;1
611;681;1
611;810;1
612;685;1
612;948;1
612;842;1
612;705;1
612;806;1
613;932;1
613;857;1
613;734;1
614;657;1
614;817;1
614;688;1
614;856;1
614;740;1
614;631;1
615;915;1
615;933;1
615;966;1
615;777;1
615;735;1
616;781;1
616;824;1
616;827;1
617;943;1
617;948;1
618;716;1
618;874;1
618;780;1
618;941;1
619;909;1
619;669;1
620;921;1
620;865;1
620;943;1
621;929;1
621;815;1
621;819;1
622;685;1
622;943;1
622;948;1
623;667;1
623;792;1
624;790;1
624;739;1
624;658;1
625;902;1
625;683;1
625;940;1
625;724;1
625;879;1
625;885;1
626;837;1
626;743;1
627;855;1
627;994;1
627;690;1
628;958;1
628;809;1
628;709;1
628;733;1
628;870;1
629;920;1
630;855;1
630;994;1
631;923;1
631;788;1
631;737;1
631;991;1
631;863;1
631;869;1
631;799;1
631;980;1
632;920;1
632;786;1
633;924;1
633;932;1
633;734;1
633;726;1
633;685;1
634;793;1
634;922;1
634;871;1
635;650;1
635;647;1
636;779;1
636;875;1
637;844;1
637;979;1
637;726;1
637;864;1
638;656;1
638;827;1
639;827;1
640;901;1
640;844;1
640;776;1
640;967;1
640;987;1
640;864;1
640;751;1
641;698;1
641;848;1
641;914;1
642;896;1
642;905;1
642;650;1
642;804;1
643;724;1
643;922;1
643;879;1
643;999;1
644;931;1
644;886;1
644;651;1
645;972;1
645;673;1
645;932;1
645;734;1
646;847;1
647;905;1
647;804;1
647;650;1
647;801;1
648;881;1
648;764;1
649;671;1
649;986;1
649;798;1
649;749;1
650;896;1
650;905;1
651;931;1
651;838;1
652;771;1
652;891;1
652;773;1
652;796;1
653;768;1
653;745;1
654;713;1
654;729;1
654;805;1
654;927;1
655;692;1
655;689;1
655;701;1
656;781;1
656;824;1
657;869;1
657;799;1
657;846;1
657;746;1
657;700;1
658;739;1
658;958;1
658;790;1
659;699;1
659;744;1
659;996;1
659;754;1
659;837;1
659;872;1
659;692;1
659;674;1
660;703;1
660;701;1
660;810;1
661;882;1
662;976;1
663;969;1
663;845;1
663;898;1
663;670;1
663;971;1
664;913;1
665;832;1
665;955;1
665;667;1
665;956;1
665;752;1
666;688;1
666;863;1
666;946;1
666;846;1
666;746;1
667;832;1
667;720;1
668;960;1
668;853;1
669;968;1
669;909;1
669;676;1
670;898;1
670;845;1
670;888;1
671;749;1
672;685;1
672;943;1
673;779;1
673;681;1
673;810;1
674;837;1
674;743;1
674;996;1
674;728;1
674;973;1
674;992;1
674;744;1
674;795;1
674;754;1
674;831;1
674;722;1
675;779;1
675;907;1
675;747;1
675;810;1
675;834;1
677;868;1
677;879;1
677;683;1
677;911;1
677;836;1
677;876;1
677;724;1
677;725;1
678;679;1
678;721;1
678;962;1
678;680;1
678;964;1
679;680;1
679;803;1
679;964;1
679;840;1
679;800;1
679;962;1
679;987;1
680;962;1
680;721;1
681;788;1
681;779;1
681;714;1
681;747;1
681;811;1
681;971;1
681;835;1
681;907;1
681;875;1
682;852;1
683;940;1
683;724;1
683;741;1
683;911;1
683;698;1
683;725;1
683;879;1
684;949;1
684;836;1
684;837;1
685;802;1
685;948;1
685;705;1
685;958;1
685;842;1
685;877;1
685;687;1
685;858;1
685;702;1
685;854;1
685;731;1
685;943;1
685;947;1
685;901;1
685;927;1
686;779;1
686;810;1
687;877;1
687;842;1
687;948;1
688;799;1
688;746;1
688;981;1
688;946;1
688;923;1
688;869;1
688;740;1
688;965;1
688;991;1
688;788;1
688;863;1
688;846;1
688;811;1
688;693;1
688;825;1
688;708;1
689;969;1
690;777;1
690;700;1
691;730;1
691;826;1
691;828;1
691;974;1
692;927;1
692;825;1
693;799;1
693;787;1
693;886;1
694;790;1
694;929;1
694;815;1
694;819;1
695;833;1
695;983;1
696;893;1
696;903;1
698;848;1
699;894;1
699;996;1
699;926;1
700;950;1
700;770;1
700;821;1
700;732;1
702;802;1
704;768;1
705;943;1
705;948;1
706;827;1
706;824;1
706;927;1
707;864;1
707;929;1
707;765;1
707;936;1
707;989;1
708;779;1
708;915;1
708;834;1
709;745;1
709;753;1
709;809;1
709;985;1
709;761;1
709;785;1
709;999;1
709;742;1
709;717;1
709;830;1
709;797;1
709;836;1
710;925;1
710;976;1
711;781;1
