ALGORITHM;Node 1;Node 2;Seed node;Mult Weight;PRECISION;RECALL;F1;JaccardIndex
newLCD;501;246;327;2.0;0.08333333333333333;0.09090909090909091;0.08695652173913043;0.045454545454545456
newLCD;501;246;210;2.0;0.24444444444444444;1.0;0.39285714285714285;0.24444444444444444
newLCD;501;246;352;2.0;0.24444444444444444;1.0;0.39285714285714285;0.24444444444444444
newLCD;501;246;485;2.0;0.2857142857142857;0.18181818181818182;0.2222222222222222;0.125
newLCD;501;246;616;2.0;0.24444444444444444;1.0;0.39285714285714285;0.24444444444444444
newLCD;501;246;236;2.0;0.10256410256410256;0.36363636363636365;0.16;0.08695652173913043
newLCD;501;246;371;2.0;0.2558139534883721;1.0;0.40740740740740744;0.2558139534883721
newLCD;501;246;501;2.0;0.24444444444444444;1.0;0.39285714285714285;0.24444444444444444
newLCD;501;246;246;2.0;0.2558139534883721;1.0;0.40740740740740744;0.2558139534883721
newLCD;501;246;638;2.0;0.2558139534883721;1.0;0.40740740740740744;0.2558139534883721
newLCD;501;246;639;2.0;0.2558139534883721;1.0;0.40740740740740744;0.2558139534883721
newLCD;352;246;327;6.0;0.08333333333333333;0.09090909090909091;0.08695652173913043;0.045454545454545456
newLCD;352;246;210;6.0;0.2619047619047619;1.0;0.41509433962264153;0.2619047619047619
newLCD;352;246;352;6.0;0.2619047619047619;1.0;0.41509433962264153;0.2619047619047619
newLCD;352;246;485;6.0;0.2857142857142857;0.18181818181818182;0.2222222222222222;0.125
newLCD;352;246;616;6.0;0.2558139534883721;1.0;0.40740740740740744;0.2558139534883721
newLCD;352;246;236;6.0;0.25;1.0;0.4;0.25
newLCD;352;246;371;6.0;0.2619047619047619;1.0;0.41509433962264153;0.2619047619047619
newLCD;352;246;501;6.0;0.2619047619047619;1.0;0.41509433962264153;0.2619047619047619
newLCD;352;246;246;6.0;0.2619047619047619;1.0;0.41509433962264153;0.2619047619047619
newLCD;352;246;638;6.0;0.25;1.0;0.4;0.25
newLCD;352;246;639;6.0;0.25;1.0;0.4;0.25
newLCD;485;639;327;4.0;0.5;0.2727272727272727;0.3529411764705882;0.21428571428571427
newLCD;485;639;210;4.0;0.2558139534883721;1.0;0.40740740740740744;0.2558139534883721
newLCD;485;639;352;4.0;0.2558139534883721;1.0;0.40740740740740744;0.2558139534883721
newLCD;485;639;485;4.0;0.5;0.2727272727272727;0.3529411764705882;0.21428571428571427
newLCD;485;639;616;4.0;0.2558139534883721;1.0;0.40740740740740744;0.2558139534883721
newLCD;485;639;236;4.0;0.07692307692307693;0.18181818181818182;0.10810810810810811;0.05714285714285714
newLCD;485;639;371;4.0;0.2558139534883721;1.0;0.40740740740740744;0.2558139534883721
newLCD;485;639;501;4.0;0.2558139534883721;1.0;0.40740740740740744;0.2558139534883721
newLCD;485;639;246;4.0;0.2558139534883721;1.0;0.40740740740740744;0.2558139534883721
newLCD;485;639;638;4.0;0.2558139534883721;1.0;0.40740740740740744;0.2558139534883721
newLCD;485;639;639;4.0;0.2558139534883721;1.0;0.40740740740740744;0.2558139534883721
newLCD;616;246;327;4.0;0.08333333333333333;0.09090909090909091;0.08695652173913043;0.045454545454545456
newLCD;616;246;210;4.0;0.23404255319148937;1.0;0.3793103448275862;0.23404255319148937
newLCD;616;246;352;4.0;0.23404255319148937;1.0;0.3793103448275862;0.23404255319148937
newLCD;616;246;485;4.0;0.2857142857142857;0.18181818181818182;0.2222222222222222;0.125
newLCD;616;246;616;4.0;0.23404255319148937;1.0;0.3793103448275862;0.23404255319148937
newLCD;616;246;236;4.0;0.07407407407407407;0.18181818181818182;0.10526315789473684;0.05555555555555555
newLCD;616;246;371;4.0;0.23404255319148937;1.0;0.3793103448275862;0.23404255319148937
newLCD;616;246;501;4.0;0.23404255319148937;1.0;0.3793103448275862;0.23404255319148937
newLCD;616;246;246;4.0;0.23404255319148937;1.0;0.3793103448275862;0.23404255319148937
newLCD;616;246;638;4.0;0.23404255319148937;1.0;0.3793103448275862;0.23404255319148937
newLCD;616;246;639;4.0;0.23404255319148937;1.0;0.3793103448275862;0.23404255319148937
newLCD;352;639;327;6.0;0.2631578947368421;0.45454545454545453;0.3333333333333333;0.2
newLCD;352;639;210;6.0;0.2682926829268293;1.0;0.4230769230769231;0.2682926829268293
newLCD;352;639;352;6.0;0.2682926829268293;1.0;0.4230769230769231;0.2682926829268293
newLCD;352;639;485;6.0;0.2631578947368421;0.45454545454545453;0.3333333333333333;0.2
newLCD;352;639;616;6.0;0.2682926829268293;1.0;0.4230769230769231;0.2682926829268293
newLCD;352;639;236;6.0;0.24444444444444444;1.0;0.39285714285714285;0.24444444444444444
newLCD;352;639;371;6.0;0.2682926829268293;1.0;0.4230769230769231;0.2682926829268293
newLCD;352;639;501;6.0;0.2682926829268293;1.0;0.4230769230769231;0.2682926829268293
newLCD;352;639;246;6.0;0.2682926829268293;1.0;0.4230769230769231;0.2682926829268293
newLCD;352;639;638;6.0;0.2682926829268293;1.0;0.4230769230769231;0.2682926829268293
newLCD;352;639;639;6.0;0.2682926829268293;1.0;0.4230769230769231;0.2682926829268293
newLCD;210;246;327;6.0;0.07142857142857142;0.18181818181818182;0.10256410256410255;0.05405405405405406
newLCD;210;246;210;6.0;0.2391304347826087;1.0;0.3859649122807018;0.2391304347826087
newLCD;210;246;352;6.0;0.24444444444444444;1.0;0.39285714285714285;0.24444444444444444
newLCD;210;246;485;6.0;0.2222222222222222;0.18181818181818182;0.19999999999999998;0.1111111111111111
newLCD;210;246;616;6.0;0.24444444444444444;1.0;0.39285714285714285;0.24444444444444444
newLCD;210;246;236;6.0;0.2777777777777778;0.45454545454545453;0.3448275862068966;0.20833333333333334
newLCD;210;246;371;6.0;0.24444444444444444;1.0;0.39285714285714285;0.24444444444444444
newLCD;210;246;501;6.0;0.24444444444444444;1.0;0.39285714285714285;0.24444444444444444
newLCD;210;246;246;6.0;0.24444444444444444;1.0;0.39285714285714285;0.24444444444444444
newLCD;210;246;638;6.0;0.22448979591836735;1.0;0.36666666666666664;0.22448979591836735
newLCD;210;246;639;6.0;0.1896551724137931;1.0;0.3188405797101449;0.1896551724137931
newLCD;616;246;327;6.0;0.08333333333333333;0.09090909090909091;0.08695652173913043;0.045454545454545456
newLCD;616;246;210;6.0;0.23404255319148937;1.0;0.3793103448275862;0.23404255319148937
newLCD;616;246;352;6.0;0.23404255319148937;1.0;0.3793103448275862;0.23404255319148937
newLCD;616;246;485;6.0;0.2857142857142857;0.18181818181818182;0.2222222222222222;0.125
newLCD;616;246;616;6.0;0.22448979591836735;1.0;0.36666666666666664;0.22448979591836735
newLCD;616;246;236;6.0;0.07407407407407407;0.18181818181818182;0.10526315789473684;0.05555555555555555
newLCD;616;246;371;6.0;0.23404255319148937;1.0;0.3793103448275862;0.23404255319148937
newLCD;616;246;501;6.0;0.23404255319148937;1.0;0.3793103448275862;0.23404255319148937
newLCD;616;246;246;6.0;0.23404255319148937;1.0;0.3793103448275862;0.23404255319148937
newLCD;616;246;638;6.0;0.2;1.0;0.33333333333333337;0.2
newLCD;616;246;639;6.0;0.22448979591836735;1.0;0.36666666666666664;0.22448979591836735
newLCD;371;501;327;4.0;0.07142857142857142;0.09090909090909091;0.08;0.041666666666666664
newLCD;371;501;210;4.0;0.2619047619047619;1.0;0.41509433962264153;0.2619047619047619
newLCD;371;501;352;4.0;0.2619047619047619;1.0;0.41509433962264153;0.2619047619047619
newLCD;371;501;485;4.0;0.2857142857142857;0.18181818181818182;0.2222222222222222;0.125
newLCD;371;501;616;4.0;0.2619047619047619;1.0;0.41509433962264153;0.2619047619047619
newLCD;371;501;236;4.0;0.08;0.18181818181818182;0.1111111111111111;0.058823529411764705
newLCD;371;501;371;4.0;0.2619047619047619;1.0;0.41509433962264153;0.2619047619047619
newLCD;371;501;501;4.0;0.2619047619047619;1.0;0.41509433962264153;0.2619047619047619
newLCD;371;501;246;4.0;0.2619047619047619;1.0;0.41509433962264153;0.2619047619047619
newLCD;371;501;638;4.0;0.2619047619047619;1.0;0.41509433962264153;0.2619047619047619
newLCD;371;501;639;4.0;0.2619047619047619;1.0;0.41509433962264153;0.2619047619047619
newLCD;352;236;327;2.0;0.07142857142857142;0.09090909090909091;0.08;0.041666666666666664
newLCD;352;236;210;2.0;0.2558139534883721;1.0;0.40740740740740744;0.2558139534883721
newLCD;352;236;352;2.0;0.2558139534883721;1.0;0.40740740740740744;0.2558139534883721
newLCD;352;236;485;2.0;0.2857142857142857;0.18181818181818182;0.2222222222222222;0.125
newLCD;352;236;616;2.0;0.2558139534883721;1.0;0.40740740740740744;0.2558139534883721
newLCD;352;236;236;2.0;0.21568627450980393;1.0;0.3548387096774193;0.21568627450980393
newLCD;352;236;371;2.0;0.2558139534883721;1.0;0.40740740740740744;0.2558139534883721
newLCD;352;236;501;2.0;0.2558139534883721;1.0;0.40740740740740744;0.2558139534883721
newLCD;352;236;246;2.0;0.2558139534883721;1.0;0.40740740740740744;0.2558139534883721
newLCD;352;236;638;2.0;0.2558139534883721;1.0;0.40740740740740744;0.2558139534883721
newLCD;352;236;639;2.0;0.2558139534883721;1.0;0.40740740740740744;0.2558139534883721
newLCD;210;485;327;2.0;0.07142857142857142;0.09090909090909091;0.08;0.041666666666666664
newLCD;210;485;210;2.0;0.22;1.0;0.36065573770491804;0.22
newLCD;210;485;352;2.0;0.25;1.0;0.4;0.25
newLCD;210;485;485;2.0;0.2;0.2727272727272727;0.23076923076923075;0.13043478260869565
newLCD;210;485;616;2.0;0.25;1.0;0.4;0.25
newLCD;210;485;236;2.0;0.06896551724137931;0.18181818181818182;0.1;0.05263157894736842
newLCD;210;485;371;2.0;0.25;1.0;0.4;0.25
newLCD;210;485;501;2.0;0.25;1.0;0.4;0.25
newLCD;210;485;246;2.0;0.25;1.0;0.4;0.25
newLCD;210;485;638;2.0;0.25;1.0;0.4;0.25
newLCD;210;485;639;2.0;0.25;1.0;0.4;0.25
newLCD;210;246;327;2.0;0.08333333333333333;0.09090909090909091;0.08695652173913043;0.045454545454545456
newLCD;210;246;210;2.0;0.25;1.0;0.4;0.25
newLCD;210;246;352;2.0;0.25;1.0;0.4;0.25
newLCD;210;246;485;2.0;0.10526315789473684;0.18181818181818182;0.13333333333333333;0.07142857142857142
newLCD;210;246;616;2.0;0.25;1.0;0.4;0.25
newLCD;210;246;236;2.0;0.1;0.2727272727272727;0.14634146341463417;0.07894736842105263
newLCD;210;246;371;2.0;0.2558139534883721;1.0;0.40740740740740744;0.2558139534883721
newLCD;210;246;501;2.0;0.25;1.0;0.4;0.25
newLCD;210;246;246;2.0;0.2619047619047619;1.0;0.41509433962264153;0.2619047619047619
newLCD;210;246;638;2.0;0.2558139534883721;1.0;0.40740740740740744;0.2558139534883721
newLCD;210;246;639;2.0;0.2619047619047619;1.0;0.41509433962264153;0.2619047619047619
newLCD;352;246;327;4.0;0.08333333333333333;0.09090909090909091;0.08695652173913043;0.045454545454545456
newLCD;352;246;210;4.0;0.25;1.0;0.4;0.25
newLCD;352;246;352;4.0;0.25;1.0;0.4;0.25
newLCD;352;246;485;4.0;0.2857142857142857;0.18181818181818182;0.2222222222222222;0.125
newLCD;352;246;616;4.0;0.25;1.0;0.4;0.25
newLCD;352;246;236;4.0;0.24444444444444444;1.0;0.39285714285714285;0.24444444444444444
newLCD;352;246;371;4.0;0.25;1.0;0.4;0.25
newLCD;352;246;501;4.0;0.25;1.0;0.4;0.25
newLCD;352;246;246;4.0;0.25;1.0;0.4;0.25
newLCD;352;246;638;4.0;0.25;1.0;0.4;0.25
newLCD;352;246;639;4.0;0.24444444444444444;1.0;0.39285714285714285;0.24444444444444444
newLCD;352;246;327;2.0;0.08333333333333333;0.09090909090909091;0.08695652173913043;0.045454545454545456
newLCD;352;246;210;2.0;0.25;1.0;0.4;0.25
newLCD;352;246;352;2.0;0.25;1.0;0.4;0.25
newLCD;352;246;485;2.0;0.2857142857142857;0.18181818181818182;0.2222222222222222;0.125
newLCD;352;246;616;2.0;0.25;1.0;0.4;0.25
newLCD;352;246;236;2.0;0.2619047619047619;1.0;0.41509433962264153;0.2619047619047619
newLCD;352;246;371;2.0;0.2558139534883721;1.0;0.40740740740740744;0.2558139534883721
newLCD;352;246;501;2.0;0.2558139534883721;1.0;0.40740740740740744;0.2558139534883721
newLCD;352;246;246;2.0;0.2619047619047619;1.0;0.41509433962264153;0.2619047619047619
newLCD;352;246;638;2.0;0.2619047619047619;1.0;0.41509433962264153;0.2619047619047619
newLCD;352;246;639;2.0;0.2619047619047619;1.0;0.41509433962264153;0.2619047619047619
newLCD;327;485;327;2.0;0.07692307692307693;0.09090909090909091;0.08333333333333334;0.043478260869565216
newLCD;327;485;210;2.0;0.24444444444444444;1.0;0.39285714285714285;0.24444444444444444
newLCD;327;485;352;2.0;0.24444444444444444;1.0;0.39285714285714285;0.24444444444444444
newLCD;327;485;485;2.0;0.4;0.18181818181818182;0.25000000000000006;0.14285714285714285
newLCD;327;485;616;2.0;0.24444444444444444;1.0;0.39285714285714285;0.24444444444444444
newLCD;327;485;236;2.0;0.24444444444444444;1.0;0.39285714285714285;0.24444444444444444
newLCD;327;485;371;2.0;0.24444444444444444;1.0;0.39285714285714285;0.24444444444444444
newLCD;327;485;501;2.0;0.24444444444444444;1.0;0.39285714285714285;0.24444444444444444
newLCD;327;485;246;2.0;0.24444444444444444;1.0;0.39285714285714285;0.24444444444444444
newLCD;327;485;638;2.0;0.24444444444444444;1.0;0.39285714285714285;0.24444444444444444
newLCD;327;485;639;2.0;0.24444444444444444;1.0;0.39285714285714285;0.24444444444444444
newLCD;371;246;327;2.0;0.08333333333333333;0.09090909090909091;0.08695652173913043;0.045454545454545456
newLCD;371;246;210;2.0;0.25;1.0;0.4;0.25
newLCD;371;246;352;2.0;0.25;1.0;0.4;0.25
newLCD;371;246;485;2.0;0.2857142857142857;0.18181818181818182;0.2222222222222222;0.125
newLCD;371;246;616;2.0;0.25;1.0;0.4;0.25
newLCD;371;246;236;2.0;0.1;0.2727272727272727;0.14634146341463417;0.07894736842105263
newLCD;371;246;371;2.0;0.2619047619047619;1.0;0.41509433962264153;0.2619047619047619
newLCD;371;246;501;2.0;0.2558139534883721;1.0;0.40740740740740744;0.2558139534883721
newLCD;371;246;246;2.0;0.2619047619047619;1.0;0.41509433962264153;0.2619047619047619
newLCD;371;246;638;2.0;0.2619047619047619;1.0;0.41509433962264153;0.2619047619047619
newLCD;371;246;639;2.0;0.2619047619047619;1.0;0.41509433962264153;0.2619047619047619
newLCD;371;501;327;2.0;0.07142857142857142;0.09090909090909091;0.08;0.041666666666666664
newLCD;371;501;210;2.0;0.2558139534883721;1.0;0.40740740740740744;0.2558139534883721
newLCD;371;501;352;2.0;0.2558139534883721;1.0;0.40740740740740744;0.2558139534883721
newLCD;371;501;485;2.0;0.2857142857142857;0.18181818181818182;0.2222222222222222;0.125
newLCD;371;501;616;2.0;0.2558139534883721;1.0;0.40740740740740744;0.2558139534883721
newLCD;371;501;236;2.0;0.1746031746031746;1.0;0.29729729729729726;0.1746031746031746
newLCD;371;501;371;2.0;0.2558139534883721;1.0;0.40740740740740744;0.2558139534883721
newLCD;371;501;501;2.0;0.2558139534883721;1.0;0.40740740740740744;0.2558139534883721
newLCD;371;501;246;2.0;0.2558139534883721;1.0;0.40740740740740744;0.2558139534883721
newLCD;371;501;638;2.0;0.2558139534883721;1.0;0.40740740740740744;0.2558139534883721
newLCD;371;501;639;2.0;0.2558139534883721;1.0;0.40740740740740744;0.2558139534883721
newLCD;352;639;327;4.0;0.21739130434782608;0.45454545454545453;0.29411764705882354;0.1724137931034483
newLCD;352;639;210;4.0;0.2682926829268293;1.0;0.4230769230769231;0.2682926829268293
newLCD;352;639;352;4.0;0.2682926829268293;1.0;0.4230769230769231;0.2682926829268293
newLCD;352;639;485;4.0;0.21739130434782608;0.45454545454545453;0.29411764705882354;0.1724137931034483
newLCD;352;639;616;4.0;0.2682926829268293;1.0;0.4230769230769231;0.2682926829268293
newLCD;352;639;236;4.0;0.2619047619047619;1.0;0.41509433962264153;0.2619047619047619
newLCD;352;639;371;4.0;0.2682926829268293;1.0;0.4230769230769231;0.2682926829268293
newLCD;352;639;501;4.0;0.2682926829268293;1.0;0.4230769230769231;0.2682926829268293
newLCD;352;639;246;4.0;0.2682926829268293;1.0;0.4230769230769231;0.2682926829268293
newLCD;352;639;638;4.0;0.2682926829268293;1.0;0.4230769230769231;0.2682926829268293
newLCD;352;639;639;4.0;0.2682926829268293;1.0;0.4230769230769231;0.2682926829268293
newLCD;210;485;327;6.0;0.5;0.2727272727272727;0.3529411764705882;0.21428571428571427
newLCD;210;485;210;6.0;0.2;0.36363636363636365;0.25806451612903225;0.14814814814814814
newLCD;210;485;352;6.0;0.2391304347826087;1.0;0.3859649122807018;0.2391304347826087
newLCD;210;485;485;6.0;0.3125;0.45454545454545453;0.3703703703703703;0.22727272727272727
newLCD;210;485;616;6.0;0.2391304347826087;1.0;0.3859649122807018;0.2391304347826087
newLCD;210;485;236;6.0;0.22916666666666666;1.0;0.37288135593220334;0.22916666666666666
newLCD;210;485;371;6.0;0.2391304347826087;1.0;0.3859649122807018;0.2391304347826087
newLCD;210;485;501;6.0;0.2391304347826087;1.0;0.3859649122807018;0.2391304347826087
newLCD;210;485;246;6.0;0.2391304347826087;1.0;0.3859649122807018;0.2391304347826087
newLCD;210;485;638;6.0;0.2391304347826087;1.0;0.3859649122807018;0.2391304347826087
newLCD;210;485;639;6.0;0.21153846153846154;1.0;0.34920634920634924;0.21153846153846154
newLCD;327;485;327;4.0;0.125;0.09090909090909091;0.10526315789473685;0.05555555555555555
newLCD;327;485;210;4.0;0.24444444444444444;1.0;0.39285714285714285;0.24444444444444444
newLCD;327;485;352;4.0;0.24444444444444444;1.0;0.39285714285714285;0.24444444444444444
newLCD;327;485;485;4.0;0.5;0.2727272727272727;0.3529411764705882;0.21428571428571427
newLCD;327;485;616;4.0;0.24444444444444444;1.0;0.39285714285714285;0.24444444444444444
newLCD;327;485;236;4.0;0.22916666666666666;1.0;0.37288135593220334;0.22916666666666666
newLCD;327;485;371;4.0;0.25;1.0;0.4;0.25
newLCD;327;485;501;4.0;0.25;1.0;0.4;0.25
newLCD;327;485;246;4.0;0.25;1.0;0.4;0.25
newLCD;327;485;638;4.0;0.25;1.0;0.4;0.25
newLCD;327;485;639;4.0;0.25;1.0;0.4;0.25
newLCD;210;485;327;4.0;0.5;0.2727272727272727;0.3529411764705882;0.21428571428571427
newLCD;210;485;210;4.0;0.18032786885245902;1.0;0.3055555555555556;0.18032786885245902
newLCD;210;485;352;4.0;0.22448979591836735;1.0;0.36666666666666664;0.22448979591836735
newLCD;210;485;485;4.0;0.3333333333333333;0.45454545454545453;0.3846153846153846;0.23809523809523808
newLCD;210;485;616;4.0;0.2391304347826087;1.0;0.3859649122807018;0.2391304347826087
newLCD;210;485;236;4.0;0.22448979591836735;1.0;0.36666666666666664;0.22448979591836735
newLCD;210;485;371;4.0;0.2391304347826087;1.0;0.3859649122807018;0.2391304347826087
newLCD;210;485;501;4.0;0.2391304347826087;1.0;0.3859649122807018;0.2391304347826087
newLCD;210;485;246;4.0;0.2391304347826087;1.0;0.3859649122807018;0.2391304347826087
newLCD;210;485;638;4.0;0.22448979591836735;1.0;0.36666666666666664;0.22448979591836735
newLCD;210;485;639;4.0;0.2391304347826087;1.0;0.3859649122807018;0.2391304347826087
newLCD;236;501;327;4.0;0.23076923076923078;0.2727272727272727;0.24999999999999994;0.14285714285714285
newLCD;236;501;210;4.0;0.2391304347826087;1.0;0.3859649122807018;0.2391304347826087
newLCD;236;501;352;4.0;0.23404255319148937;1.0;0.3793103448275862;0.23404255319148937
newLCD;236;501;485;4.0;0.2857142857142857;0.18181818181818182;0.2222222222222222;0.125
newLCD;236;501;616;4.0;0.23404255319148937;1.0;0.3793103448275862;0.23404255319148937
newLCD;236;501;236;4.0;0.16666666666666666;0.18181818181818182;0.17391304347826086;0.09523809523809523
newLCD;236;501;371;4.0;0.2391304347826087;1.0;0.3859649122807018;0.2391304347826087
newLCD;236;501;501;4.0;0.23404255319148937;1.0;0.3793103448275862;0.23404255319148937
newLCD;236;501;246;4.0;0.2391304347826087;1.0;0.3859649122807018;0.2391304347826087
newLCD;236;501;638;4.0;0.2391304347826087;1.0;0.3859649122807018;0.2391304347826087
newLCD;236;501;639;4.0;0.23404255319148937;1.0;0.3793103448275862;0.23404255319148937
newLCD;352;236;327;6.0;0.1;0.09090909090909091;0.09523809523809525;0.05
newLCD;352;236;210;6.0;0.2391304347826087;1.0;0.3859649122807018;0.2391304347826087
newLCD;352;236;352;6.0;0.2727272727272727;0.5454545454545454;0.3636363636363636;0.2222222222222222
newLCD;352;236;485;6.0;0.2857142857142857;0.18181818181818182;0.2222222222222222;0.125
newLCD;352;236;616;6.0;0.3;0.8181818181818182;0.43902439024390244;0.28125
newLCD;352;236;236;6.0;0.14285714285714285;0.18181818181818182;0.16;0.08695652173913043
newLCD;352;236;371;6.0;0.2558139534883721;1.0;0.40740740740740744;0.2558139534883721
newLCD;352;236;501;6.0;0.29411764705882354;0.9090909090909091;0.4444444444444445;0.2857142857142857
newLCD;352;236;246;6.0;0.2558139534883721;1.0;0.40740740740740744;0.2558139534883721
newLCD;352;236;638;6.0;0.2558139534883721;1.0;0.40740740740740744;0.2558139534883721
newLCD;352;236;639;6.0;0.3;0.8181818181818182;0.43902439024390244;0.28125
newLCD;371;246;327;6.0;0.08333333333333333;0.09090909090909091;0.08695652173913043;0.045454545454545456
newLCD;371;246;210;6.0;0.2682926829268293;1.0;0.4230769230769231;0.2682926829268293
newLCD;371;246;352;6.0;0.2682926829268293;1.0;0.4230769230769231;0.2682926829268293
newLCD;371;246;485;6.0;0.2857142857142857;0.18181818181818182;0.2222222222222222;0.125
newLCD;371;246;616;6.0;0.2619047619047619;1.0;0.41509433962264153;0.2619047619047619
newLCD;371;246;236;6.0;0.07407407407407407;0.18181818181818182;0.10526315789473684;0.05555555555555555
newLCD;371;246;371;6.0;0.2682926829268293;1.0;0.4230769230769231;0.2682926829268293
newLCD;371;246;501;6.0;0.2682926829268293;1.0;0.4230769230769231;0.2682926829268293
newLCD;371;246;246;6.0;0.2682926829268293;1.0;0.4230769230769231;0.2682926829268293
newLCD;371;246;638;6.0;0.25;1.0;0.4;0.25
newLCD;371;246;639;6.0;0.25;1.0;0.4;0.25
newLCD;236;501;327;2.0;0.07142857142857142;0.09090909090909091;0.08;0.041666666666666664
newLCD;236;501;210;2.0;0.25;1.0;0.4;0.25
newLCD;236;501;352;2.0;0.25;1.0;0.4;0.25
newLCD;236;501;485;2.0;0.2857142857142857;0.18181818181818182;0.2222222222222222;0.125
newLCD;236;501;616;2.0;0.25;1.0;0.4;0.25
newLCD;236;501;236;2.0;0.22448979591836735;1.0;0.36666666666666664;0.22448979591836735
newLCD;236;501;371;2.0;0.25;1.0;0.4;0.25
newLCD;236;501;501;2.0;0.25;1.0;0.4;0.25
newLCD;236;501;246;2.0;0.25;1.0;0.4;0.25
newLCD;236;501;638;2.0;0.25;1.0;0.4;0.25
newLCD;236;501;639;2.0;0.25;1.0;0.4;0.25
newLCD;616;246;327;2.0;0.08333333333333333;0.09090909090909091;0.08695652173913043;0.045454545454545456
newLCD;616;246;210;2.0;0.25;1.0;0.4;0.25
newLCD;616;246;352;2.0;0.25;1.0;0.4;0.25
newLCD;616;246;485;2.0;0.2857142857142857;0.18181818181818182;0.2222222222222222;0.125
newLCD;616;246;616;2.0;0.25;1.0;0.4;0.25
newLCD;616;246;236;2.0;0.1;0.2727272727272727;0.14634146341463417;0.07894736842105263
newLCD;616;246;371;2.0;0.2558139534883721;1.0;0.40740740740740744;0.2558139534883721
newLCD;616;246;501;2.0;0.25;1.0;0.4;0.25
newLCD;616;246;246;2.0;0.2619047619047619;1.0;0.41509433962264153;0.2619047619047619
newLCD;616;246;638;2.0;0.2619047619047619;1.0;0.41509433962264153;0.2619047619047619
newLCD;616;246;639;2.0;0.2619047619047619;1.0;0.41509433962264153;0.2619047619047619
newLCD;236;501;327;6.0;0.21428571428571427;0.2727272727272727;0.23999999999999996;0.13636363636363635
newLCD;236;501;210;6.0;0.25;1.0;0.4;0.25
newLCD;236;501;352;6.0;0.29411764705882354;0.9090909090909091;0.4444444444444445;0.2857142857142857
newLCD;236;501;485;6.0;0.2857142857142857;0.18181818181818182;0.2222222222222222;0.125
newLCD;236;501;616;6.0;0.25806451612903225;0.7272727272727273;0.38095238095238093;0.23529411764705882
newLCD;236;501;236;6.0;0.18181818181818182;0.18181818181818182;0.18181818181818182;0.1
newLCD;236;501;371;6.0;0.2558139534883721;1.0;0.40740740740740744;0.2558139534883721
newLCD;236;501;501;6.0;0.25806451612903225;0.7272727272727273;0.38095238095238093;0.23529411764705882
newLCD;236;501;246;6.0;0.2558139534883721;1.0;0.40740740740740744;0.2558139534883721
newLCD;236;501;638;6.0;0.2558139534883721;1.0;0.40740740740740744;0.2558139534883721
newLCD;236;501;639;6.0;0.29411764705882354;0.9090909090909091;0.4444444444444445;0.2857142857142857
newLCD;352;236;327;4.0;0.1;0.09090909090909091;0.09523809523809525;0.05
newLCD;352;236;210;4.0;0.24444444444444444;1.0;0.39285714285714285;0.24444444444444444
newLCD;352;236;352;4.0;0.23404255319148937;1.0;0.3793103448275862;0.23404255319148937
newLCD;352;236;485;4.0;0.2857142857142857;0.18181818181818182;0.2222222222222222;0.125
newLCD;352;236;616;4.0;0.2391304347826087;1.0;0.3859649122807018;0.2391304347826087
newLCD;352;236;236;4.0;0.13333333333333333;0.18181818181818182;0.15384615384615383;0.08333333333333333
newLCD;352;236;371;4.0;0.24444444444444444;1.0;0.39285714285714285;0.24444444444444444
newLCD;352;236;501;4.0;0.2391304347826087;1.0;0.3859649122807018;0.2391304347826087
newLCD;352;236;246;4.0;0.24444444444444444;1.0;0.39285714285714285;0.24444444444444444
newLCD;352;236;638;4.0;0.24444444444444444;1.0;0.39285714285714285;0.24444444444444444
newLCD;352;236;639;4.0;0.23404255319148937;1.0;0.3793103448275862;0.23404255319148937
newLCD;501;246;327;4.0;0.08333333333333333;0.09090909090909091;0.08695652173913043;0.045454545454545456
newLCD;501;246;210;4.0;0.24444444444444444;1.0;0.39285714285714285;0.24444444444444444
newLCD;501;246;352;4.0;0.24444444444444444;1.0;0.39285714285714285;0.24444444444444444
newLCD;501;246;485;4.0;0.2857142857142857;0.18181818181818182;0.2222222222222222;0.125
newLCD;501;246;616;4.0;0.24444444444444444;1.0;0.39285714285714285;0.24444444444444444
newLCD;501;246;236;4.0;0.08;0.18181818181818182;0.1111111111111111;0.058823529411764705
newLCD;501;246;371;4.0;0.24444444444444444;1.0;0.39285714285714285;0.24444444444444444
newLCD;501;246;501;4.0;0.24444444444444444;1.0;0.39285714285714285;0.24444444444444444
newLCD;501;246;246;4.0;0.24444444444444444;1.0;0.39285714285714285;0.24444444444444444
newLCD;501;246;638;4.0;0.24444444444444444;1.0;0.39285714285714285;0.24444444444444444
newLCD;501;246;639;4.0;0.24444444444444444;1.0;0.39285714285714285;0.24444444444444444
newLCD;501;246;327;6.0;0.08333333333333333;0.09090909090909091;0.08695652173913043;0.045454545454545456
newLCD;501;246;210;6.0;0.2619047619047619;1.0;0.41509433962264153;0.2619047619047619
newLCD;501;246;352;6.0;0.2558139534883721;1.0;0.40740740740740744;0.2558139534883721
newLCD;501;246;485;6.0;0.2857142857142857;0.18181818181818182;0.2222222222222222;0.125
newLCD;501;246;616;6.0;0.2558139534883721;1.0;0.40740740740740744;0.2558139534883721
newLCD;501;246;236;6.0;0.25;0.2727272727272727;0.2608695652173913;0.15
newLCD;501;246;371;6.0;0.2682926829268293;1.0;0.4230769230769231;0.2682926829268293
newLCD;501;246;501;6.0;0.2682926829268293;1.0;0.4230769230769231;0.2682926829268293
newLCD;501;246;246;6.0;0.2682926829268293;1.0;0.4230769230769231;0.2682926829268293
newLCD;501;246;638;6.0;0.2857142857142857;0.9090909090909091;0.43478260869565216;0.2777777777777778
newLCD;501;246;639;6.0;0.2857142857142857;0.9090909090909091;0.43478260869565216;0.2777777777777778
newLCD;327;485;327;6.0;0.125;0.09090909090909091;0.10526315789473685;0.05555555555555555
newLCD;327;485;210;6.0;0.2558139534883721;1.0;0.40740740740740744;0.2558139534883721
newLCD;327;485;352;6.0;0.3333333333333333;0.6363636363636364;0.43749999999999994;0.28
newLCD;327;485;485;6.0;0.5;0.2727272727272727;0.3529411764705882;0.21428571428571427
newLCD;327;485;616;6.0;0.2727272727272727;0.5454545454545454;0.3636363636363636;0.2222222222222222
newLCD;327;485;236;6.0;0.13636363636363635;0.2727272727272727;0.1818181818181818;0.1
newLCD;327;485;371;6.0;0.2558139534883721;1.0;0.40740740740740744;0.2558139534883721
newLCD;327;485;501;6.0;0.25;1.0;0.4;0.25
newLCD;327;485;246;6.0;0.2558139534883721;1.0;0.40740740740740744;0.2558139534883721
newLCD;327;485;638;6.0;0.2558139534883721;1.0;0.40740740740740744;0.2558139534883721
newLCD;327;485;639;6.0;0.2558139534883721;1.0;0.40740740740740744;0.2558139534883721
newLCD;485;639;327;2.0;0.24444444444444444;1.0;0.39285714285714285;0.24444444444444444
newLCD;485;639;210;2.0;0.25;1.0;0.4;0.25
newLCD;485;639;352;2.0;0.25;1.0;0.4;0.25
newLCD;485;639;485;2.0;0.42857142857142855;0.2727272727272727;0.33333333333333326;0.2
newLCD;485;639;616;2.0;0.25;1.0;0.4;0.25
newLCD;485;639;236;2.0;0.06666666666666667;0.18181818181818182;0.0975609756097561;0.05128205128205128
newLCD;485;639;371;2.0;0.25;1.0;0.4;0.25
newLCD;485;639;501;2.0;0.25;1.0;0.4;0.25
newLCD;485;639;246;2.0;0.25;1.0;0.4;0.25
newLCD;485;639;638;2.0;0.25;1.0;0.4;0.25
newLCD;485;639;639;2.0;0.25;1.0;0.4;0.25
newLCD;210;246;327;4.0;0.08333333333333333;0.09090909090909091;0.08695652173913043;0.045454545454545456
newLCD;210;246;210;4.0;0.23404255319148937;1.0;0.3793103448275862;0.23404255319148937
newLCD;210;246;352;4.0;0.23404255319148937;1.0;0.3793103448275862;0.23404255319148937
newLCD;210;246;485;4.0;0.16666666666666666;0.18181818181818182;0.17391304347826086;0.09523809523809523
newLCD;210;246;616;4.0;0.23404255319148937;1.0;0.3793103448275862;0.23404255319148937
newLCD;210;246;236;4.0;0.18333333333333332;1.0;0.30985915492957744;0.18333333333333332
newLCD;210;246;371;4.0;0.23404255319148937;1.0;0.3793103448275862;0.23404255319148937
newLCD;210;246;501;4.0;0.23404255319148937;1.0;0.3793103448275862;0.23404255319148937
newLCD;210;246;246;4.0;0.23404255319148937;1.0;0.3793103448275862;0.23404255319148937
newLCD;210;246;638;4.0;0.22448979591836735;1.0;0.36666666666666664;0.22448979591836735
newLCD;210;246;639;4.0;0.23404255319148937;1.0;0.3793103448275862;0.23404255319148937
newLCD;371;501;327;6.0;0.07142857142857142;0.09090909090909091;0.08;0.041666666666666664
newLCD;371;501;210;6.0;0.275;1.0;0.4313725490196079;0.275
newLCD;371;501;352;6.0;0.21212121212121213;0.6363636363636364;0.3181818181818182;0.1891891891891892
newLCD;371;501;485;6.0;0.2857142857142857;0.18181818181818182;0.2222222222222222;0.125
newLCD;371;501;616;6.0;0.275;1.0;0.4313725490196079;0.275
newLCD;371;501;236;6.0;0.16666666666666666;0.18181818181818182;0.17391304347826086;0.09523809523809523
newLCD;371;501;371;6.0;0.21212121212121213;0.6363636363636364;0.3181818181818182;0.1891891891891892
newLCD;371;501;501;6.0;0.21212121212121213;0.6363636363636364;0.3181818181818182;0.1891891891891892
newLCD;371;501;246;6.0;0.275;1.0;0.4313725490196079;0.275
newLCD;371;501;638;6.0;0.21212121212121213;0.6363636363636364;0.3181818181818182;0.1891891891891892
newLCD;371;501;639;6.0;0.21212121212121213;0.6363636363636364;0.3181818181818182;0.1891891891891892
newLCD;371;246;327;4.0;0.08333333333333333;0.09090909090909091;0.08695652173913043;0.045454545454545456
newLCD;371;246;210;4.0;0.25;1.0;0.4;0.25
newLCD;371;246;352;4.0;0.25;1.0;0.4;0.25
newLCD;371;246;485;4.0;0.2857142857142857;0.18181818181818182;0.2222222222222222;0.125
newLCD;371;246;616;4.0;0.25;1.0;0.4;0.25
newLCD;371;246;236;4.0;0.07407407407407407;0.18181818181818182;0.10526315789473684;0.05555555555555555
newLCD;371;246;371;4.0;0.25;1.0;0.4;0.25
newLCD;371;246;501;4.0;0.25;1.0;0.4;0.25
newLCD;371;246;246;4.0;0.25;1.0;0.4;0.25
newLCD;371;246;638;4.0;0.25;1.0;0.4;0.25
newLCD;371;246;639;4.0;0.25;1.0;0.4;0.25
newLCD;352;639;327;2.0;0.2;0.36363636363636365;0.25806451612903225;0.14814814814814814
newLCD;352;639;210;2.0;0.2619047619047619;1.0;0.41509433962264153;0.2619047619047619
newLCD;352;639;352;2.0;0.2619047619047619;1.0;0.41509433962264153;0.2619047619047619
newLCD;352;639;485;2.0;0.21052631578947367;0.36363636363636365;0.26666666666666666;0.15384615384615385
newLCD;352;639;616;2.0;0.2619047619047619;1.0;0.41509433962264153;0.2619047619047619
newLCD;352;639;236;2.0;0.2619047619047619;1.0;0.41509433962264153;0.2619047619047619
newLCD;352;639;371;2.0;0.2619047619047619;1.0;0.41509433962264153;0.2619047619047619
newLCD;352;639;501;2.0;0.2619047619047619;1.0;0.41509433962264153;0.2619047619047619
newLCD;352;639;246;2.0;0.2619047619047619;1.0;0.41509433962264153;0.2619047619047619
newLCD;352;639;638;2.0;0.2619047619047619;1.0;0.41509433962264153;0.2619047619047619
newLCD;352;639;639;2.0;0.2619047619047619;1.0;0.41509433962264153;0.2619047619047619
newLCD;485;639;327;6.0;0.5;0.2727272727272727;0.3529411764705882;0.21428571428571427
newLCD;485;639;210;6.0;0.2558139534883721;1.0;0.40740740740740744;0.2558139534883721
newLCD;485;639;352;6.0;0.18421052631578946;0.6363636363636364;0.2857142857142857;0.16666666666666666
newLCD;485;639;485;6.0;0.5;0.2727272727272727;0.3529411764705882;0.21428571428571427
newLCD;485;639;616;6.0;0.20512820512820512;0.7272727272727273;0.32;0.19047619047619047
newLCD;485;639;236;6.0;0.07692307692307693;0.18181818181818182;0.10810810810810811;0.05714285714285714
newLCD;485;639;371;6.0;0.18421052631578946;0.6363636363636364;0.2857142857142857;0.16666666666666666
newLCD;485;639;501;6.0;0.18421052631578946;0.6363636363636364;0.2857142857142857;0.16666666666666666
newLCD;485;639;246;6.0;0.2558139534883721;1.0;0.40740740740740744;0.2558139534883721
newLCD;485;639;638;6.0;0.18421052631578946;0.6363636363636364;0.2857142857142857;0.16666666666666666
newLCD;485;639;639;6.0;0.20689655172413793;0.5454545454545454;0.3;0.17647058823529413
