0;706;1
0;826;1
0;676;1
0;683;1
0;747;1
0;94;1
1;796;1
1;31;1
1;158;1
1;547;1
1;707;1
1;806;1
1;21;1
1;751;1
1;836;1
1;574;1
1;516;1
1;552;1
2;256;1
2;296;1
2;876;1
2;874;1
2;478;1
2;141;1
2;882;1
2;365;1
2;456;1
2;361;1
2;298;1
2;420;1
2;448;1
2;873;1
2;600;1
2;529;1
2;718;1
3;307;1
3;650;1
3;342;1
3;895;1
3;178;1
3;661;1
3;279;1
3;671;1
3;819;1
3;841;1
3;986;1
3;216;1
3;115;1
4;65;1
4;823;1
4;828;1
4;962;1
4;995;1
4;720;1
4;746;1
4;113;1
4;504;1
5;616;1
5;85;1
5;438;1
5;34;1
5;515;1
5;8;1
6;7;1
6;914;1
6;249;1
6;333;1
6;777;1
6;709;1
6;338;1
6;881;1
6;318;1
6;127;1
6;929;1
6;920;1
7;515;1
7;777;1
7;318;1
7;787;1
7;433;1
7;55;1
7;218;1
7;127;1
7;757;1
7;414;1
8;859;1
8;539;1
8;616;1
8;8;1
8;438;1
8;685;1
8;85;1
9;260;1
9;776;1
9;390;1
9;555;1
9;131;1
9;262;1
9;237;1
10;215;1
10;902;1
10;637;1
10;559;1
10;810;1
10;536;1
10;679;1
10;308;1
10;428;1
11;11;1
11;824;1
11;785;1
11;643;1
11;570;1
11;787;1
11;797;1
11;553;1
11;304;1
11;944;1
11;94;1
11;760;1
11;864;1
12;980;1
12;689;1
12;967;1
12;893;1
12;38;1
12;99;1
12;368;1
13;276;1
13;389;1
13;581;1
13;866;1
13;462;1
13;719;1
13;479;1
13;884;1
13;489;1
13;716;1
13;90;1
13;24;1
13;294;1
13;209;1
13;197;1
14;222;1
14;461;1
14;681;1
14;18;1
14;51;1
14;761;1
14;968;1
14;527;1
14;295;1
15;261;1
15;519;1
15;665;1
15;15;1
15;402;1
15;532;1
16;920;1
16;647;1
16;16;1
16;666;1
16;801;1
16;551;1
16;176;1
16;747;1
16;273;1
16;633;1
16;530;1
16;32;1
16;724;1
17;835;1
17;163;1
17;582;1
17;20;1
17;821;1
17;71;1
17;446;1
17;426;1
17;542;1
17;791;1
17;937;1
17;715;1
17;92;1
18;138;1
18;761;1
18;735;1
18;975;1
18;670;1
18;295;1
18;681;1
19;772;1
19;778;1
19;781;1
19;906;1
19;871;1
19;207;1
19;599;1
19;642;1
19;19;1
19;357;1
19;662;1
19;727;1
19;984;1
19;343;1
20;783;1
20;482;1
20;204;1
20;208;1
20;426;1
20;235;1
21;553;1
21;205;1
21;836;1
21;317;1
21;412;1
21;943;1
21;183;1
21;730;1
22;975;1
22;556;1
22;178;1
22;878;1
22;621;1
22;142;1
22;557;1
22;152;1
22;174;1
23;93;1
23;112;1
23;159;1
23;996;1
23;39;1
23;61;1
23;677;1
23;498;1
23;954;1
23;278;1
23;306;1
23;35;1
23;193;1
23;789;1
24;450;1
24;269;1
24;82;1
24;971;1
24;880;1
24;981;1
24;474;1
24;936;1
24;368;1
25;769;1
25;513;1
25;266;1
25;779;1
25;244;1
25;27;1
25;868;1
25;870;1
26;773;1
26;269;1
26;144;1
26;474;1
26;458;1
26;91;1
26;174;1
26;670;1
26;331;1
27;618;1
27;266;1
27;651;1
27;253;1
27;178;1
27;363;1
27;383;1
27;361;1
28;779;1
28;683;1
28;512;1
28;134;1
28;907;1
28;532;1
28;665;1
28;167;1
28;800;1
28;182;1
29;822;1
29;379;1
29;644;1
29;783;1
29;71;1
29;924;1
29;929;1
29;810;1
29;607;1
29;72;1
29;391;1
30;539;1
30;30;1
30;568;1
30;460;1
31;673;1
31;667;1
31;38;1
31;616;1
31;445;1
31;707;1
31;973;1
31;852;1
31;356;1
32;530;1
32;666;1
32;551;1
32;685;1
32;511;1
32;817;1
32;801;1
32;647;1
32;747;1
32;229;1
32;523;1
32;900;1
32;938;1
32;364;1
33;116;1
33;535;1
33;212;1
33;650;1
33;930;1
33;970;1
33;933;1
33;978;1
33;859;1
33;216;1
34;565;1
34;616;1
34;539;1
34;877;1
34;438;1
35;278;1
35;159;1
35;954;1
35;35;1
35;677;1
35;996;1
35;260;1
35;640;1
36;388;1
36;393;1
36;780;1
36;787;1
36;797;1
36;553;1
36;304;1
36;944;1
36;94;1
36;114;1
36;760;1
37;588;1
37;217;1
37;979;1
37;103;1
37;754;1
37;695;1
37;62;1
37;191;1
37;833;1
37;851;1
38;489;1
38;667;1
38;574;1
38;97;1
38;175;1
38;566;1
38;477;1
39;789;1
39;159;1
39;306;1
39;539;1
39;61;1
39;330;1
39;996;1
39;498;1
39;413;1
40;315;1
40;395;1
40;665;1
40;804;1
40;345;1
41;906;1
41;778;1
41;41;1
41;507;1
41;748;1
41;258;1
41;642;1
41;286;1
41;974;1
41;199;1
41;73;1
41;207;1
41;116;1
41;727;1
41;147;1
41;772;1
41;66;1
41;202;1
41;143;1
41;599;1
41;343;1
41;676;1
42;664;1
42;416;1
42;674;1
42;997;1
42;773;1
42;450;1
42;327;1
42;570;1
42;574;1
42;425;1
43;649;1
43;803;1
43;188;1
43;173;1
43;731;1
43;118;1
43;601;1
44;513;1
44;779;1
44;398;1
44;53;1
44;370;1
44;634;1
44;422;1
44;44;1
44;253;1
44;933;1
44;868;1
44;101;1
44;383;1
45;697;1
45;561;1
45;313;1
45;221;1
45;770;1
45;357;1
46;458;1
46;85;1
46;647;1
46;656;1
46;786;1
46;801;1
46;703;1
46;364;1
46;65;1
47;307;1
47;518;1
47;275;1
47;57;1
47;913;1
47;47;1
47;503;1
47;758;1
47;437;1
47;691;1
48;895;1
48;627;1
48;604;1
48;964;1
48;893;1
48;681;1
49;559;1
49;385;1
49;623;1
49;49;1
49;821;1
49;988;1
49;237;1
49;242;1
50;139;1
50;368;1
50;622;1
50;999;1
50;872;1
50;888;1
50;858;1
50;331;1
50;593;1
50;980;1
50;99;1
51;641;1
51;295;1
51;160;1
51;775;1
51;490;1
51;250;1
52;662;1
52;116;1
52;728;1
52;194;1
52;555;1
52;599;1
52;350;1
52;135;1
53;266;1
53;779;1
53;151;1
53;220;1
53;53;1
53;101;1
53;383;1
53;364;1
54;597;1
54;964;1
54;344;1
54;491;1
54;627;1
54;117;1
54;577;1
54;77;1
54;268;1
55;181;1
55;55;1
55;693;1
55;249;1
55;987;1
55;834;1
55;127;1
55;187;1
55;527;1
55;63;1
55;924;1
56;909;1
56;91;1
56;223;1
56;347;1
56;602;1
56;460;1
57;986;1
57;78;1
57;913;1
57;275;1
57;200;1
57;356;1
57;332;1
58;124;1
58;428;1
58;268;1
58;794;1
58;231;1
58;754;1
59;450;1
59;771;1
59;919;1
59;830;1
59;585;1
59;368;1
59;65;1
60;181;1
60;710;1
60;321;1
60;484;1
60;836;1
60;233;1
60;79;1
61;159;1
61;306;1
61;278;1
61;330;1
61;93;1
61;800;1
61;996;1
61;112;1
61;441;1
62;217;1
62;833;1
62;517;1
62;588;1
62;695;1
62;226;1
62;382;1
62;851;1
62;62;1
62;74;1
62;979;1
62;103;1
62;90;1
62;243;1
63;807;1
63;95;1
63;825;1
63;915;1
63;143;1
63;616;1
64;646;1
64;701;1
64;210;1
64;693;1
64;449;1
64;454;1
64;68;1
64;127;1
65;89;1
65;820;1
65;830;1
65;504;1
65;823;1
65;838;1
65;922;1
65;529;1
65;919;1
65;613;1
65;953;1
65;585;1
65;992;1
65;847;1
65;864;1
65;744;1
65;65;1
65;755;1
65;325;1
65;828;1
65;441;1
65;348;1
65;746;1
65;609;1
65;113;1
65;962;1
65;720;1
65;483;1
65;718;1
65;572;1
65;506;1
65;122;1
65;556;1
65;320;1
66;471;1
66;974;1
66;778;1
66;642;1
66;772;1
66;906;1
66;340;1
66;599;1
66;748;1
67;169;1
67;775;1
67;903;1
67;549;1
67;678;1
67;289;1
67;513;1
67;589;1
68;484;1
68;449;1
68;601;1
68;181;1
68;93;1
68;333;1
68;501;1
68;127;1
68;663;1
68;760;1
69;944;1
69;653;1
69;145;1
69;193;1
69;525;1
69;410;1
69;109;1
69;123;1
69;628;1
69;654;1
69;711;1
69;737;1
69;281;1
69;352;1
69;158;1
69;177;1
70;654;1
70;75;1
70;737;1
70;968;1
70;109;1
70;410;1
70;345;1
70;70;1
70;911;1
70;243;1
70;346;1
70;352;1
71;302;1
71;79;1
71;647;1
72;796;1
72;162;1
72;751;1
72;445;1
72;730;1
73;778;1
73;207;1
73;147;1
73;194;1
73;507;1
73;129;1
73;388;1
73;350;1
74;276;1
74;382;1
74;517;1
74;496;1
74;851;1
74;473;1
75;151;1
75;653;1
75;654;1
75;418;1
75;628;1
75;254;1
75;109;1
75;467;1
75;774;1
75;991;1
75;352;1
76;693;1
76;449;1
76;709;1
76;701;1
76;793;1
76;481;1
76;484;1
76;266;1
76;111;1
77;577;1
77;965;1
77;359;1
77;315;1
77;604;1
77;897;1
77;265;1
78;437;1
78;78;1
78;200;1
78;436;1
78;910;1
78;913;1
78;518;1
78;655;1
78;275;1
79;791;1
79;686;1
79;821;1
80;528;1
80;173;1
80;947;1
80;429;1
80;277;1
80;374;1
80;140;1
80;942;1
80;355;1
80;118;1
80;115;1
80;595;1
81;388;1
81;780;1
81;304;1
81;818;1
81;659;1
81;638;1
81;890;1
81;691;1
81;760;1
82;712;1
82;144;1
82;82;1
82;120;1
83;927;1
83;713;1
83;453;1
83;995;1
83;644;1
83;986;1
83;227;1
83;567;1
84;682;1
84;788;1
84;790;1
84;358;1
84;371;1
84;676;1
84;729;1
84;745;1
85;696;1
85;616;1
86;239;1
86;272;1
86;294;1
86;320;1
86;90;1
86;153;1
86;796;1
87;878;1
87;959;1
87;885;1
87;230;1
87;877;1
87;652;1
87;214;1
87;990;1
87;618;1
87;605;1
88;695;1
88;833;1
88;588;1
88;979;1
88;103;1
88;332;1
88;217;1
88;475;1
89;279;1
89;671;1
89;307;1
89;978;1
89;986;1
89;115;1
90;153;1
90;294;1
90;966;1
90;209;1
91;458;1
91;971;1
91;474;1
91;936;1
91;712;1
91;144;1
91;797;1
91;654;1
92;446;1
92;242;1
92;339;1
92;645;1
92;121;1
93;528;1
93;789;1
93;330;1
93;498;1
93;139;1
94;638;1
94;553;1
94;944;1
94;787;1
94;818;1
94;643;1
94;760;1
94;335;1
95;684;1
95;143;1
95;807;1
95;443;1
95;439;1
95;266;1
95;825;1
95;470;1
95;261;1
95;918;1
96;793;1
96;450;1
96;327;1
96;988;1
96;578;1
96;615;1
96;366;1
97;672;1
97;960;1
97;843;1
97;732;1
97;499;1
97;766;1
97;495;1
98;391;1
98;921;1
98;961;1
98;281;1
98;120;1
98;488;1
98;516;1
99;139;1
99;689;1
99;567;1
99;185;1
99;455;1
99;332;1
99;460;1
99;967;1
99;223;1
99;702;1
99;184;1
99;591;1
99;323;1
99;888;1
99;314;1
99;347;1
99;473;1
99;165;1
99;201;1
99;893;1
100;406;1
100;175;1
100;973;1
100;798;1
100;311;1
100;711;1
100;244;1
101;266;1
101;779;1
101;398;1
101;708;1
101;617;1
101;551;1
102;389;1
102;526;1
102;294;1
102;272;1
102;340;1
102;884;1
103;217;1
103;475;1
104;896;1
104;903;1
104;531;1
104;172;1
104;589;1
104;612;1
105;530;1
105;666;1
105;801;1
105;647;1
105;998;1
105;976;1
106;128;1
106;277;1
106;802;1
106;188;1
106;945;1
106;509;1
106;803;1
106;923;1
106;374;1
106;619;1
106;947;1
106;387;1
106;873;1
106;381;1
106;127;1
107;361;1
107;399;1
107;664;1
107;493;1
107;479;1
108;664;1
108;673;1
108;291;1
108;309;1
108;187;1
108;466;1
108;354;1
109;654;1
109;525;1
109;946;1
109;193;1
109;467;1
109;352;1
110;978;1
110;256;1
110;397;1
110;663;1
110;550;1
110;296;1
110;361;1
111;660;1
111;918;1
111;282;1
111;959;1
111;605;1
111;877;1
111;135;1
111;652;1
112;159;1
112;789;1
112;659;1
112;724;1
112;594;1
113;119;1
113;786;1
113;828;1
113;720;1
113;838;1
113;830;1
113;744;1
113;323;1
113;504;1
114;643;1
114;780;1
114;785;1
114;797;1
114;304;1
114;824;1
114;400;1
114;553;1
114;588;1
114;760;1
115;535;1
115;671;1
115;690;1
115;435;1
115;342;1
115;986;1
115;927;1
115;841;1
115;444;1
115;279;1
115;243;1
115;675;1
116;514;1
116;642;1
116;906;1
116;662;1
116;286;1
116;599;1
116;984;1
116;772;1
116;207;1
117;960;1
117;618;1
117;970;1
117;117;1
117;645;1
117;620;1
118;277;1
118;803;1
118;355;1
118;173;1
118;521;1
118;396;1
118;886;1
118;802;1
118;649;1
118;509;1
118;374;1
118;762;1
118;128;1
118;947;1
118;753;1
118;429;1
118;571;1
118;278;1
118;999;1
119;138;1
119;527;1
119;295;1
119;403;1
120;811;1
120;861;1
120;739;1
120;639;1
121;162;1
121;857;1
121;311;1
121;751;1
122;664;1
122;563;1
122;187;1
122;319;1
122;450;1
122;366;1
122;961;1
123;560;1
123;352;1
123;123;1
123;145;1
123;741;1
123;968;1
123;717;1
123;842;1
123;406;1
124;558;1
124;179;1
124;329;1
124;794;1
124;257;1
124;369;1
124;661;1
125;359;1
125;389;1
125;272;1
125;320;1
125;966;1
125;209;1
125;865;1
125;884;1
126;643;1
126;780;1
126;553;1
126;304;1
126;659;1
126;785;1
126;219;1
126;485;1
127;515;1
127;777;1
127;701;1
127;190;1
127;484;1
127;210;1
127;646;1
127;987;1
127;318;1
127;700;1
127;433;1
127;601;1
127;449;1
127;338;1
127;481;1
127;218;1
127;233;1
127;321;1
127;693;1
127;914;1
127;333;1
127;709;1
127;617;1
127;444;1
128;752;1
128;947;1
128;762;1
128;547;1
128;387;1
128;521;1
128;396;1
128;173;1
128;188;1
128;886;1
129;778;1
129;984;1
129;505;1
129;974;1
129;727;1
129;728;1
129;393;1
129;514;1
129;662;1
129;599;1
129;314;1
130;386;1
130;130;1
130;476;1
130;788;1
130;790;1
130;247;1
130;368;1
130;722;1
131;223;1
131;591;1
131;567;1
131;331;1
131;463;1
131;332;1
131;980;1
131;893;1
132;928;1
132;376;1
132;260;1
132;555;1
132;669;1
132;573;1
132;941;1
132;390;1
132;167;1
132;262;1
132;303;1
132;180;1
132;776;1
132;137;1
133;557;1
133;512;1
133;532;1
133;316;1
133;519;1
133;800;1
133;893;1
133;134;1
133;395;1
133;402;1
133;280;1
133;182;1
133;982;1
134;519;1
134;665;1
134;532;1
134;640;1
134;966;1
134;804;1
134;182;1
134;202;1
134;477;1
135;767;1
135;485;1
135;214;1
135;652;1
135;918;1
135;554;1
135;959;1
135;230;1
136;902;1
136;637;1
136;559;1
136;447;1
136;869;1
136;679;1
136;281;1
137;260;1
137;776;1
137;573;1
137;303;1
137;341;1
137;549;1
137;809;1
137;733;1
138;726;1
138;267;1
138;858;1
138;295;1
138;250;1
138;681;1
138;625;1
138;160;1
138;670;1
138;191;1
138;735;1
138;438;1
139;240;1
139;898;1
139;332;1
139;888;1
139;967;1
139;999;1
139;622;1
139;314;1
139;324;1
139;872;1
139;323;1
139;331;1
139;980;1
139;368;1
139;347;1
139;702;1
139;893;1
139;223;1
139;185;1
139;447;1
139;184;1
140;387;1
140;396;1
140;528;1
140;173;1
140;442;1
140;277;1
140;188;1
140;447;1
141;256;1
141;935;1
141;874;1
141;882;1
141;522;1
141;186;1
141;873;1
141;361;1
142;423;1
142;682;1
142;149;1
142;461;1
142;621;1
142;829;1
142;878;1
142;925;1
142;297;1
142;174;1
142;178;1
142;944;1
143;576;1
143;822;1
143;915;1
143;143;1
143;825;1
144;458;1
144;144;1
144;971;1
144;599;1
144;840;1
145;614;1
145;409;1
145;653;1
145;654;1
145;248;1
145;759;1
145;560;1
145;628;1
145;711;1
145;774;1
145;404;1
145;281;1
145;352;1
145;546;1
146;257;1
146;271;1
146;401;1
146;754;1
146;440;1
147;642;1
147;906;1
147;350;1
147;207;1
147;233;1
147;662;1
147;286;1
147;599;1
147;984;1
147;291;1
148;259;1
148;524;1
148;283;1
148;537;1
148;577;1
148;427;1
148;575;1
149;819;1
149;878;1
149;178;1
149;174;1
149;152;1
149;421;1
149;149;1
149;829;1
150;265;1
150;843;1
150;925;1
150;480;1
150;363;1
150;448;1
150;578;1
150;426;1
151;769;1
151;266;1
151;779;1
151;407;1
151;320;1
152;750;1
152;878;1
152;152;1
152;421;1
152;862;1
153;875;1
153;272;1
153;881;1
153;308;1
153;538;1
153;294;1
153;865;1
153;866;1
154;166;1
154;305;1
154;734;1
154;757;1
154;932;1
154;377;1
154;225;1
154;849;1
154;192;1
154;206;1
154;551;1
154;168;1
154;942;1
154;956;1
154;336;1
154;706;1
154;800;1
155;535;1
155;740;1
155;442;1
155;196;1
155;877;1
155;671;1
155;419;1
155;342;1
155;532;1
156;220;1
156;548;1
156;852;1
156;175;1
156;583;1
156;796;1
156;162;1
156;931;1
156;805;1
156;707;1
157;896;1
157;904;1
157;263;1
157;157;1
157;544;1
157;916;1
157;452;1
157;425;1
157;172;1
157;589;1
157;889;1
158;406;1
158;836;1
158;328;1
158;240;1
158;939;1
158;311;1
158;730;1
159;278;1
159;789;1
159;306;1
159;996;1
159;954;1
159;330;1
159;159;1
159;498;1
159;542;1
159;851;1
160;641;1
160;527;1
160;858;1
160;670;1
160;681;1
160;538;1
160;250;1
161;256;1
161;663;1
161;161;1
161;222;1
161;186;1
161;875;1
161;876;1
161;361;1
161;234;1
161;238;1
161;538;1
162;843;1
162;798;1
162;796;1
162;972;1
162;177;1
162;857;1
162;162;1
162;566;1
162;201;1
162;367;1
162;488;1
162;218;1
162;698;1
162;852;1
162;869;1
163;470;1
163;582;1
163;783;1
163;810;1
163;873;1
163;715;1
163;482;1
163;237;1
164;792;1
164;310;1
164;164;1
164;932;1
164;586;1
164;195;1
164;166;1
164;956;1
164;714;1
164;726;1
164;870;1
164;994;1
165;211;1
165;792;1
165;413;1
165;849;1
165;726;1
165;423;1
165;749;1
165;586;1
166;287;1
166;932;1
166;817;1
166;956;1
166;336;1
166;757;1
167;260;1
167;776;1
167;262;1
167;945;1
167;809;1
168;413;1
168;849;1
168;932;1
168;586;1
168;726;1
168;680;1
168;225;1
168;888;1
168;336;1
168;252;1
169;789;1
169;988;1
169;301;1
169;600;1
169;450;1
169;376;1
169;997;1
170;387;1
170;528;1
170;629;1
170;374;1
170;762;1
170;721;1
170;293;1
170;179;1
170;346;1
171;664;1
171;391;1
171;921;1
171;281;1
171;171;1
171;494;1
171;900;1
171;380;1
171;856;1
171;978;1
171;195;1
171;863;1
171;739;1
172;362;1
172;678;1
172;425;1
172;544;1
172;903;1
172;508;1
172;564;1
172;434;1
172;784;1
172;312;1
172;950;1
172;896;1
172;284;1
172;408;1
172;289;1
172;889;1
172;549;1
172;775;1
172;612;1
172;534;1
172;509;1
172;575;1
172;631;1
173;802;1
173;510;1
173;629;1
173;189;1
174;420;1
174;461;1
174;174;1
174;421;1
174;698;1
174;178;1
174;862;1
174;878;1
175;412;1
175;836;1
175;857;1
175;943;1
175;667;1
175;852;1
175;205;1
175;406;1
175;626;1
175;939;1
175;445;1
175;831;1
175;552;1
175;177;1
175;973;1
175;356;1
175;183;1
175;805;1
175;798;1
175;695;1
175;322;1
176;786;1
176;273;1
176;551;1
176;685;1
176;530;1
176;232;1
177;658;1
177;946;1
177;798;1
177;566;1
177;183;1
177;852;1
177;730;1
178;750;1
178;993;1
178;829;1
178;862;1
178;878;1
179;308;1
179;428;1
179;814;1
179;754;1
179;179;1
179;401;1
179;853;1
180;527;1
180;295;1
180;681;1
180;624;1
180;478;1
180;250;1
180;446;1
181;709;1
181;321;1
181;265;1
181;190;1
181;710;1
182;397;1
182;395;1
182;533;1
182;280;1
182;251;1
182;756;1
182;800;1
182;532;1
182;316;1
182;907;1
182;519;1
182;965;1
182;456;1
182;202;1
182;477;1
183;406;1
183;451;1
184;196;1
184;869;1
184;567;1
184;999;1
184;184;1
184;622;1
184;967;1
184;702;1
184;630;1
184;872;1
184;893;1
184;332;1
184;966;1
184;693;1
184;460;1
184;368;1
185;850;1
185;185;1
185;577;1
185;460;1
186;663;1
186;365;1
186;565;1
186;361;1
186;234;1
186;936;1
187;481;1
187;932;1
187;540;1
187;571;1
187;309;1
187;399;1
187;493;1
187;450;1
187;674;1
187;892;1
187;319;1
187;668;1
187;988;1
187;997;1
187;615;1
187;934;1
187;300;1
187;793;1
187;291;1
187;376;1
187;736;1
187;673;1
187;990;1
187;925;1
187;366;1
188;277;1
188;803;1
188;619;1
188;753;1
188;222;1
188;400;1
188;629;1
188;374;1
189;266;1
189;779;1
189;929;1
189;189;1
190;515;1
190;693;1
190;501;1
190;542;1
190;709;1
190;233;1
191;517;1
191;226;1
191;382;1
191;484;1
191;833;1
191;217;1
191;369;1
192;480;1
192;287;1
192;932;1
192;942;1
192;336;1
192;305;1
192;469;1
192;586;1
193;648;1
193;654;1
193;352;1
193;840;1
193;598;1
193;274;1
193;653;1
193;988;1
193;468;1
193;299;1
193;656;1
194;772;1
194;781;1
194;662;1
194;341;1
194;199;1
194;727;1
194;984;1
194;350;1
194;838;1
195;236;1
195;887;1
195;739;1
195;639;1
195;326;1
195;494;1
195;488;1
195;900;1
195;863;1
195;765;1
195;452;1
195;354;1
195;891;1
195;322;1
196;602;1
196;671;1
196;442;1
196;713;1
196;243;1
196;705;1
196;661;1
196;926;1
196;453;1
196;895;1
196;342;1
196;986;1
196;217;1
196;295;1
196;992;1
196;775;1
197;572;1
197;828;1
197;579;1
197;771;1
197;504;1
197;744;1
197;723;1
198;676;1
198;697;1
198;826;1
198;879;1
198;958;1
198;770;1
198;221;1
198;706;1
198;198;1
199;642;1
199;906;1
199;207;1
199;286;1
199;505;1
199;854;1
199;465;1
199;599;1
200;200;1
200;437;1
200;910;1
200;518;1
200;436;1
200;836;1
200;275;1
200;582;1
201;796;1
201;707;1
201;328;1
201;852;1
201;931;1
201;836;1
201;667;1
201;201;1
201;993;1
202;532;1
202;665;1
202;280;1
202;804;1
202;441;1
203;288;1
203;385;1
203;446;1
203;791;1
203;937;1
203;806;1
203;482;1
204;662;1
204;590;1
204;963;1
204;470;1
204;446;1
204;409;1
205;412;1
205;299;1
205;445;1
205;806;1
205;327;1
205;730;1
206;837;1
206;586;1
206;545;1
206;305;1
206;792;1
206;942;1
206;687;1
206;336;1
206;726;1
206;252;1
207;662;1
207;599;1
207;984;1
207;728;1
207;238;1
208;715;1
208;820;1
208;847;1
208;529;1
208;696;1
208;755;1
209;655;1
209;294;1
209;966;1
209;716;1
209;866;1
209;881;1
209;389;1
209;272;1
209;209;1
209;865;1
209;884;1
210;709;1
210;338;1
210;701;1
210;405;1
211;265;1
211;795;1
211;960;1
211;704;1
211;975;1
211;603;1
211;215;1
212;535;1
212;671;1
212;419;1
212;734;1
212;986;1
212;216;1
212;895;1
212;714;1
212;242;1
213;433;1
213;228;1
213;426;1
213;821;1
213;937;1
213;686;1
213;636;1
213;791;1
213;302;1
213;824;1
214;918;1
214;605;1
214;611;1
214;812;1
214;485;1
214;877;1
215;795;1
215;448;1
215;606;1
215;480;1
215;495;1
216;342;1
216;243;1
216;740;1
216;307;1
216;978;1
216;930;1
216;926;1
216;216;1
216;827;1
216;682;1
217;851;1
217;217;1
217;979;1
217;833;1
217;517;1
217;588;1
217;475;1
217;678;1
218;701;1
218;777;1
218;484;1
218;249;1
218;338;1
218;646;1
218;250;1
218;349;1
219;672;1
219;960;1
219;590;1
219;469;1
219;457;1
219;480;1
219;219;1
219;448;1
219;495;1
219;531;1
220;266;1
220;779;1
220;928;1
220;833;1
220;272;1
221;336;1
221;676;1
221;561;1
221;697;1
221;694;1
221;706;1
221;879;1
221;221;1
221;315;1
221;492;1
222;528;1
222;923;1
222;222;1
222;396;1
222;762;1
223;689;1
223;332;1
223;591;1
223;980;1
223;446;1
224;734;1
224;842;1
224;715;1
224;848;1
224;784;1
225;586;1
225;459;1
225;336;1
225;373;1
225;587;1
225;252;1
225;492;1
226;276;1
226;695;1
226;833;1
226;475;1
226;607;1
227;902;1
227;536;1
227;227;1
227;447;1
227;679;1
227;308;1
228;415;1
228;384;1
228;658;1
228;288;1
228;548;1
228;427;1
229;901;1
229;938;1
229;647;1
229;389;1
229;362;1
230;540;1
230;652;1
230;918;1
230;959;1
230;605;1
230;990;1
230;767;1
230;282;1
230;290;1
231;391;1
231;921;1
231;322;1
231;856;1
232;256;1
232;296;1
232;478;1
232;238;1
232;298;1
232;563;1
232;361;1
233;646;1
233;701;1
233;987;1
233;262;1
233;764;1
234;873;1
234;361;1
234;256;1
234;365;1
234;772;1
234;695;1
235;644;1
235;937;1
235;715;1
235;911;1
235;237;1
236;780;1
236;391;1
236;739;1
236;464;1
236;354;1
236;785;1
237;970;1
237;783;1
237;937;1
237;963;1
237;842;1
237;339;1
237;242;1
238;874;1
238;365;1
238;361;1
238;807;1
239;520;1
239;535;1
239;285;1
239;927;1
239;978;1
239;986;1
240;926;1
240;667;1
240;796;1
240;730;1
240;328;1
241;384;1
241;259;1
241;283;1
241;427;1
241;948;1
241;282;1
241;794;1
242;385;1
242;783;1
242;898;1
243;926;1
243;671;1
243;978;1
243;749;1
244;412;1
244;445;1
244;852;1
244;730;1
244;796;1
244;706;1
245;862;1
245;324;1
245;900;1
245;391;1
245;464;1
245;612;1
246;687;1
246;897;1
246;657;1
246;491;1
246;351;1
246;688;1
246;527;1
247;925;1
247;497;1
247;790;1
247;334;1
247;592;1
247;594;1
248;654;1
248;352;1
248;346;1
248;944;1
248;353;1
249;433;1
249;701;1
249;710;1
250;403;1
250;490;1
250;625;1
250;735;1
250;360;1
250;292;1
250;840;1
250;800;1
251;496;1
251;261;1
251;402;1
251;800;1
251;477;1
252;287;1
252;586;1
252;336;1
252;726;1
252;463;1
252;305;1
252;252;1
252;849;1
252;423;1
252;440;1
252;760;1
252;648;1
253;266;1
253;407;1
253;928;1
253;868;1
253;870;1
254;654;1
254;543;1
254;467;1
254;352;1
254;737;1
254;725;1
254;573;1
254;531;1
255;622;1
255;790;1
255;334;1
255;722;1
255;855;1
255;300;1
256;655;1
256;296;1
256;365;1
256;298;1
256;550;1
256;882;1
256;935;1
256;580;1
256;478;1
256;456;1
256;873;1
256;688;1
256;256;1
256;876;1
256;397;1
256;420;1
256;361;1
256;609;1
256;615;1
256;988;1
256;663;1
257;257;1
257;814;1
257;562;1
257;428;1
257;794;1
257;905;1
257;516;1
257;691;1
257;329;1
257;853;1
257;754;1
258;642;1
258;350;1
258;465;1
258;505;1
258;748;1
258;401;1
258;286;1
258;599;1
258;727;1
259;384;1
259;891;1
259;832;1
259;912;1
259;270;1
259;575;1
259;414;1
259;427;1
259;752;1
260;834;1
260;669;1
260;546;1
260;341;1
260;303;1
260;699;1
260;417;1
260;260;1
260;645;1
260;262;1
260;809;1
261;387;1
261;633;1
261;800;1
261;907;1
261;402;1
261;477;1
262;465;1
262;262;1
262;341;1
262;390;1
262;632;1
262;834;1
263;664;1
263;904;1
263;508;1
263;903;1
263;896;1
263;950;1
263;589;1
263;635;1
263;312;1
263;994;1
263;408;1
263;544;1
263;434;1
263;784;1
263;564;1
263;608;1
263;284;1
263;486;1
263;263;1
263;425;1
263;982;1
263;512;1
264;405;1
264;860;1
264;844;1
264;894;1
264;542;1
264;617;1
264;905;1
264;917;1
264;487;1
264;569;1
265;970;1
265;495;1
265;457;1
265;614;1
265;795;1
265;704;1
265;982;1
265;820;1
266;870;1
266;496;1
266;928;1
266;985;1
266;779;1
266;370;1
266;651;1
266;290;1
266;266;1
266;357;1
266;868;1
266;407;1
266;617;1
266;634;1
266;769;1
266;513;1
266;383;1
266;768;1
266;422;1
266;527;1
266;987;1
266;929;1
267;641;1
267;360;1
267;490;1
267;852;1
267;681;1
267;625;1
267;280;1
268;319;1
268;853;1
268;271;1
268;766;1
268;317;1
268;754;1
269;712;1
269;458;1
269;971;1
269;773;1
269;412;1
269;660;1
269;474;1
270;908;1
270;981;1
270;763;1
270;948;1
270;832;1
270;537;1
270;679;1
270;288;1
270;548;1
270;427;1
271;978;1
271;794;1
271;619;1
271;428;1
271;691;1
271;853;1
271;369;1
272;509;1
272;389;1
272;620;1
272;320;1
272;430;1
272;392;1
272;526;1
272;881;1
272;581;1
272;272;1
272;865;1
273;632;1
273;362;1
273;656;1
273;693;1
273;666;1
273;799;1
274;945;1
274;442;1
274;653;1
274;654;1
274;752;1
274;717;1
274;352;1
275;518;1
275;503;1
275;437;1
275;275;1
275;436;1
275;774;1
276;517;1
276;588;1
276;475;1
276;866;1
276;494;1
277;945;1
277;429;1
277;947;1
277;521;1
277;444;1
277;381;1
278;996;1
278;559;1
278;789;1
279;520;1
279;596;1
279;827;1
279;740;1
279;317;1
279;671;1
279;705;1
279;986;1
279;356;1
279;504;1
280;963;1
280;907;1
281;855;1
281;391;1
281;921;1
281;432;1
281;856;1
282;990;1
282;767;1
282;783;1
283;363;1
283;908;1
283;659;1
283;288;1
283;839;1
284;425;1
284;784;1
284;289;1
284;635;1
284;904;1
284;811;1
284;589;1
285;498;1
285;535;1
285;602;1
285;911;1
285;927;1
286;778;1
286;635;1
286;599;1
286;391;1
287;714;1
287;586;1
287;757;1
287;430;1
287;545;1
287;336;1
288;642;1
288;995;1
288;658;1
288;414;1
288;891;1
288;948;1
288;537;1
288;575;1
288;288;1
288;981;1
288;908;1
288;832;1
288;524;1
288;427;1
288;441;1
288;548;1
288;839;1
289;531;1
289;983;1
289;610;1
289;889;1
289;830;1
289;425;1
289;608;1
290;779;1
290;870;1
290;768;1
290;811;1
290;985;1
290;868;1
290;496;1
291;909;1
291;399;1
291;416;1
291;674;1
291;466;1
291;450;1
291;615;1
292;641;1
292;527;1
292;858;1
292;670;1
292;742;1
292;624;1
292;403;1
292;545;1
292;295;1
292;681;1
292;760;1
292;776;1
293;757;1
293;714;1
293;837;1
293;305;1
293;463;1
293;423;1
293;310;1
293;586;1
293;459;1
293;336;1
294;897;1
294;884;1
294;462;1
294;489;1
294;581;1
294;454;1
294;719;1
294;538;1
294;294;1
294;320;1
294;951;1
294;881;1
294;430;1
294;392;1
294;966;1
294;479;1
294;716;1
294;526;1
294;725;1
294;620;1
294;866;1
294;298;1
294;337;1
294;953;1
294;983;1
295;750;1
295;403;1
295;670;1
295;858;1
295;899;1
295;761;1
295;624;1
295;527;1
295;625;1
295;464;1
295;808;1
296;397;1
296;663;1
296;478;1
296;580;1
296;300;1
296;522;1
297;421;1
297;461;1
297;682;1
297;621;1
297;750;1
297;840;1
297;815;1
297;829;1
297;878;1
297;899;1
298;935;1
298;882;1
298;580;1
298;483;1
298;873;1
298;361;1
299;836;1
299;626;1
299;806;1
299;730;1
299;869;1
300;416;1
300;424;1
300;988;1
300;934;1
300;940;1
300;301;1
300;571;1
300;409;1
300;736;1
300;399;1
300;668;1
300;793;1
300;349;1
300;500;1
300;541;1
300;451;1
300;535;1
300;319;1
300;450;1
300;366;1
300;783;1
301;668;1
301;988;1
301;684;1
301;563;1
301;450;1
302;410;1
302;937;1
302;607;1
302;302;1
302;940;1
302;963;1
302;554;1
303;507;1
303;776;1
303;546;1
303;733;1
304;393;1
304;522;1
304;787;1
304;557;1
304;553;1
304;643;1
304;388;1
304;764;1
304;760;1
304;818;1
304;944;1
304;533;1
304;349;1
304;931;1
305;792;1
305;545;1
305;680;1
305;336;1
305;726;1
305;525;1
305;358;1
305;903;1
306;677;1
306;996;1
306;628;1
307;927;1
307;827;1
307;859;1
307;835;1
307;986;1
307;740;1
308;902;1
308;637;1
308;447;1
309;664;1
309;563;1
309;600;1
309;793;1
309;934;1
309;895;1
309;376;1
309;641;1
310;680;1
310;413;1
310;956;1
310;757;1
310;491;1
310;714;1
310;586;1
310;336;1
311;474;1
311;631;1
311;796;1
311;929;1
311;445;1
311;730;1
312;351;1
312;896;1
312;903;1
312;425;1
312;589;1
313;556;1
313;561;1
313;313;1
313;455;1
313;492;1
313;404;1
314;702;1
314;368;1
314;473;1
314;332;1
314;999;1
314;324;1
314;460;1
314;593;1
315;709;1
315;768;1
315;952;1
315;758;1
315;955;1
315;867;1
315;964;1
315;351;1
316;640;1
316;533;1
316;800;1
317;558;1
317;562;1
317;814;1
317;962;1
317;754;1
318;515;1
318;693;1
318;732;1
319;536;1
319;563;1
319;411;1
319;668;1
319;450;1
319;883;1
319;653;1
320;881;1
320;479;1
320;951;1
320;581;1
320;538;1
320;392;1
320;966;1
320;454;1
320;719;1
320;716;1
320;670;1
320;865;1
321;693;1
321;701;1
321;709;1
321;848;1
322;765;1
322;488;1
322;863;1
322;887;1
322;326;1
322;589;1
323;955;1
323;898;1
323;567;1
323;593;1
323;630;1
323;702;1
323;368;1
323;826;1
323;744;1
324;473;1
324;872;1
324;622;1
324;331;1
324;460;1
324;593;1
324;347;1
324;893;1
325;529;1
325;828;1
325;919;1
325;693;1
325;847;1
326;957;1
326;511;1
326;391;1
326;913;1
326;739;1
326;639;1
327;664;1
327;340;1
327;376;1
327;416;1
327;674;1
327;411;1
327;497;1
327;563;1
327;600;1
327;940;1
327;571;1
327;632;1
327;615;1
327;694;1
327;404;1
328;381;1
328;566;1
328;445;1
328;521;1
329;766;1
329;794;1
329;691;1
329;977;1
329;754;1
329;723;1
330;789;1
330;954;1
330;996;1
330;330;1
330;587;1
330;711;1
331;339;1
331;455;1
331;689;1
331;473;1
331;460;1
331;332;1
331;347;1
331;368;1
332;980;1
332;888;1
333;700;1
333;701;1
333;491;1
333;338;1
333;432;1
334;386;1
334;729;1
334;788;1
334;722;1
334;592;1
334;745;1
334;372;1
334;594;1
334;337;1
334;989;1
334;502;1
334;334;1
334;566;1
334;953;1
334;371;1
335;668;1
335;775;1
335;589;1
335;610;1
336;792;1
336;956;1
336;837;1
336;587;1
336;545;1
336;413;1
336;373;1
336;734;1
336;423;1
336;932;1
336;680;1
336;714;1
336;849;1
336;377;1
336;586;1
336;459;1
336;440;1
336;942;1
336;726;1
336;336;1
336;967;1
336;422;1
336;611;1
337;831;1
337;584;1
337;476;1
337;614;1
337;745;1
338;338;1
338;877;1
339;963;1
339;810;1
339;385;1
339;570;1
339;896;1
340;664;1
340;540;1
340;345;1
341;645;1
341;776;1
341;675;1
341;904;1
342;926;1
342;671;1
342;415;1
342;740;1
342;713;1
342;602;1
342;835;1
342;978;1
342;565;1
343;599;1
343;662;1
343;656;1
343;537;1
344;463;1
344;957;1
344;758;1
344;969;1
345;653;1
345;654;1
345;684;1
345;352;1
346;654;1
346;911;1
346;410;1
346;467;1
346;840;1
346;845;1
346;352;1
346;938;1
347;460;1
347;593;1
347;872;1
347;658;1
348;529;1
348;919;1
348;962;1
348;847;1
348;720;1
349;409;1
349;813;1
349;450;1
350;662;1
350;778;1
350;710;1
350;871;1
351;515;1
351;952;1
351;451;1
351;964;1
351;491;1
351;867;1
351;657;1
351;351;1
351;604;1
351;758;1
351;955;1
351;889;1
352;648;1
352;653;1
352;654;1
352;845;1
352;468;1
352;711;1
352;418;1
352;737;1
352;404;1
352;977;1
352;543;1
352;741;1
352;911;1
352;410;1
352;525;1
352;595;1
352;628;1
352;467;1
352;598;1
352;850;1
352;946;1
352;854;1
352;352;1
352;560;1
352;774;1
352;969;1
352;717;1
352;759;1
352;968;1
352;958;1
352;423;1
352;823;1
352;817;1
352;985;1
353;920;1
353;724;1
353;799;1
353;801;1
353;949;1
353;364;1
353;703;1
353;511;1
353;647;1
353;656;1
353;589;1
354;900;1
354;464;1
354;856;1
355;619;1
355;396;1
355;629;1
355;752;1
355;923;1
355;374;1
355;355;1
355;762;1
355;711;1
356;852;1
356;730;1
356;751;1
356;857;1
356;707;1
356;574;1
357;768;1
357;769;1
357;779;1
357;868;1
357;496;1
358;790;1
358;476;1
358;989;1
359;451;1
359;955;1
359;577;1
360;899;1
360;527;1
360;625;1
360;735;1
360;754;1
361;704;1
361;663;1
361;550;1
361;365;1
361;478;1
361;655;1
361;688;1
361;874;1
361;456;1
361;873;1
361;875;1
361;580;1
361;935;1
361;882;1
361;361;1
361;420;1
361;701;1
362;647;1
362;938;1
362;949;1
362;799;1
362;656;1
362;551;1
362;801;1
362;747;1
362;685;1
363;513;1
363;779;1
363;398;1
363;965;1
364;753;1
364;666;1
364;551;1
364;938;1
364;993;1
364;530;1
364;801;1
364;589;1
365;655;1
365;478;1
365;874;1
365;550;1
365;753;1
366;575;1
366;664;1
366;673;1
366;813;1
366;816;1
366;450;1
366;997;1
366;466;1
366;541;1
366;526;1
366;608;1
367;805;1
367;547;1
367;852;1
367;928;1
367;395;1
368;702;1
368;898;1
368;999;1
368;888;1
368;591;1
368;893;1
369;984;1
369;401;1
369;691;1
369;811;1
369;766;1
370;768;1
370;779;1
370;398;1
370;929;1
370;868;1
370;383;1
370;758;1
371;729;1
371;855;1
371;592;1
371;790;1
371;492;1
372;457;1
372;584;1
372;502;1
372;790;1
372;476;1
372;916;1
373;413;1
373;956;1
373;586;1
374;374;1
374;629;1
374;762;1
374;410;1
374;826;1
375;664;1
375;541;1
375;416;1
375;674;1
375;563;1
375;450;1
375;540;1
375;985;1
375;632;1
376;541;1
376;450;1
376;615;1
376;892;1
376;571;1
376;563;1
376;673;1
376;668;1
376;549;1
377;923;1
377;423;1
377;680;1
377;586;1
377;543;1
378;835;1
378;978;1
378;986;1
378;995;1
378;749;1
378;463;1
379;732;1
379;654;1
379;946;1
379;717;1
379;595;1
379;759;1
379;633;1
380;391;1
380;921;1
380;452;1
380;739;1
380;480;1
381;923;1
381;753;1
382;695;1
382;475;1
383;870;1
383;868;1
383;634;1
383;398;1
383;567;1
383;907;1
384;763;1
384;414;1
384;658;1
384;912;1
384;891;1
384;839;1
384;448;1
384;908;1
384;467;1
385;599;1
385;821;1
385;963;1
385;924;1
385;846;1
386;855;1
386;729;1
386;637;1
386;788;1
386;790;1
386;594;1
386;502;1
387;762;1
387;752;1
387;396;1
387;803;1
387;947;1
388;631;1
388;414;1
388;780;1
388;812;1
388;557;1
388;944;1
389;966;1
389;489;1
389;620;1
389;462;1
389;389;1
389;610;1
390;809;1
390;834;1
390;555;1
390;390;1
390;403;1
390;776;1
390;733;1
390;894;1
391;961;1
391;782;1
391;464;1
391;639;1
391;432;1
391;739;1
391;856;1
391;861;1
392;581;1
392;881;1
392;479;1
392;725;1
392;951;1
392;738;1
392;830;1
393;764;1
393;557;1
393;631;1
393;659;1
393;944;1
393;427;1
393;787;1
393;553;1
393;760;1
394;905;1
394;844;1
394;894;1
394;917;1
394;394;1
394;542;1
394;989;1
395;640;1
395;756;1
395;510;1
395;402;1
395;533;1
395;800;1
396;923;1
396;664;1
396;528;1
396;753;1
397;758;1
397;456;1
397;688;1
397;882;1
397;873;1
397;875;1
398;520;1
398;769;1
398;779;1
398;868;1
398;768;1
398;407;1
398;929;1
398;415;1
398;985;1
399;674;1
399;793;1
399;974;1
399;450;1
399;466;1
399;645;1
400;797;1
400;818;1
400;812;1
400;890;1
400;638;1
400;757;1
400;553;1
400;557;1
400;944;1
400;760;1
401;516;1
401;766;1
401;752;1
402;512;1
402;477;1
402;665;1
402;510;1
402;804;1
402;907;1
402;431;1
402;532;1
402;976;1
402;519;1
402;756;1
402;533;1
402;509;1
402;829;1
403;550;1
403;899;1
403;641;1
403;787;1
403;670;1
404;653;1
404;654;1
404;593;1
405;894;1
405;905;1
405;569;1
405;405;1
406;566;1
406;626;1
406;412;1
406;667;1
406;831;1
406;707;1
406;973;1
407;779;1
407;741;1
407;928;1
407;743;1
408;784;1
408;916;1
408;903;1
408;775;1
408;635;1
408;983;1
408;544;1
408;589;1
408;876;1
408;486;1
409;909;1
409;668;1
409;493;1
409;563;1
409;450;1
409;632;1
410;653;1
410;654;1
410;525;1
410;741;1
411;892;1
411;934;1
411;664;1
411;416;1
411;544;1
411;816;1
411;450;1
412;938;1
412;796;1
412;973;1
412;852;1
413;792;1
413;440;1
413;423;1
413;680;1
413;956;1
413;935;1
414;740;1
414;908;1
414;912;1
414;575;1
414;852;1
414;605;1
415;927;1
415;671;1
415;841;1
415;859;1
415;986;1
415;749;1
415;719;1
416;668;1
416;813;1
416;514;1
416;450;1
417;776;1
417;645;1
417;733;1
417;639;1
417;809;1
417;699;1
418;654;1
418;598;1
418;840;1
418;519;1
418;741;1
419;671;1
419;602;1
419;526;1
419;986;1
420;435;1
420;663;1
420;935;1
420;873;1
420;875;1
420;876;1
420;568;1
421;862;1
421;989;1
421;682;1
421;815;1
421;878;1
422;778;1
422;769;1
422;651;1
422;929;1
423;792;1
423;726;1
423;837;1
423;586;1
424;772;1
424;664;1
424;541;1
424;736;1
424;673;1
424;526;1
424;500;1
425;455;1
425;950;1
425;608;1
426;901;1
426;963;1
426;582;1
426;470;1
426;636;1
427;524;1
427;658;1
427;981;1
427;832;1
427;891;1
427;537;1
427;763;1
427;613;1
427;790;1
428;516;1
428;562;1
428;814;1
428;691;1
429;802;1
429;753;1
429;429;1
429;930;1
429;854;1
430;719;1
430;951;1
430;932;1
430;966;1
430;707;1
431;788;1
431;533;1
431;800;1
431;780;1
432;782;1
432;900;1
432;887;1
432;861;1
432;739;1
433;777;1
433;987;1
433;601;1
433;701;1
433;709;1
434;903;1
434;534;1
434;608;1
434;998;1
434;962;1
434;889;1
435;650;1
435;661;1
435;535;1
435;690;1
435;895;1
435;933;1
435;986;1
435;812;1
436;910;1
436;913;1
436;436;1
436;701;1
437;910;1
437;913;1
437;503;1
437;684;1
438;616;1
438;565;1
438;568;1
438;782;1
439;576;1
439;915;1
439;439;1
439;886;1
439;807;1
440;803;1
440;545;1
440;849;1
440;701;1
440;956;1
440;714;1
440;459;1
440;967;1
441;922;1
441;820;1
441;529;1
441;838;1
441;723;1
441;746;1
442;671;1
442;933;1
442;690;1
442;986;1
443;807;1
443;808;1
443;822;1
443;825;1
443;915;1
443;806;1
444;520;1
444;535;1
444;927;1
444;930;1
444;684;1
444;986;1
444;893;1
445;931;1
445;973;1
445;869;1
445;939;1
445;836;1
445;751;1
445;557;1
446;570;1
447;536;1
448;991;1
448;672;1
448;670;1
448;704;1
448;975;1
448;971;1
449;515;1
449;646;1
449;777;1
449;701;1
449;831;1
450;668;1
450;816;1
450;664;1
450;540;1
450;909;1
450;466;1
450;600;1
450;615;1
450;493;1
450;563;1
450;940;1
450;673;1
450;997;1
450;500;1
450;736;1
450;541;1
450;883;1
450;988;1
450;571;1
450;497;1
450;450;1
450;892;1
450;602;1
450;630;1
450;686;1
450;979;1
451;897;1
451;952;1
451;964;1
451;743;1
451;604;1
451;867;1
451;615;1
451;965;1
452;871;1
452;900;1
452;921;1
452;961;1
452;488;1
452;583;1
452;833;1
452;856;1
452;739;1
453;520;1
453;650;1
453;596;1
453;930;1
453;606;1
453;978;1
453;986;1
454;951;1
454;966;1
454;716;1
454;865;1
455;689;1
455;593;1
455;888;1
456;663;1
456;580;1
456;832;1
456;873;1
456;875;1
456;951;1
457;499;1
457;606;1
457;618;1
457;991;1
457;970;1
457;732;1
458;971;1
458;660;1
458;773;1
458;474;1
458;712;1
459;586;1
459;942;1
459;726;1
459;545;1
459;686;1
460;898;1
460;567;1
460;967;1
460;702;1
460;980;1
460;460;1
460;630;1
460;616;1
460;696;1
461;815;1
461;862;1
461;852;1
462;650;1
462;526;1
462;966;1
462;865;1
463;714;1
463;587;1
463;716;1
464;583;1
464;856;1
464;987;1
464;887;1
465;906;1
465;662;1
465;599;1
465;507;1
466;541;1
466;587;1
467;628;1
468;759;1
468;774;1
468;648;1
468;823;1
468;526;1
469;795;1
469;578;1
469;499;1
469;495;1
469;480;1
469;901;1
470;783;1
470;937;1
471;906;1
471;662;1
471;599;1
471;984;1
471;974;1
471;514;1
471;748;1
471;676;1
472;795;1
472;661;1
472;535;1
472;978;1
472;543;1
472;883;1
472;755;1
473;654;1
473;593;1
474;660;1
474;474;1
474;936;1
474;773;1
475;695;1
475;475;1
475;588;1
475;977;1
475;630;1
476;962;1
476;722;1
476;922;1
477;905;1
477;804;1
477;982;1
477;512;1
477;533;1
478;663;1
478;868;1
478;873;1
479;951;1
480;578;1
480;590;1
480;732;1
480;991;1
480;843;1
480;672;1
480;499;1
480;925;1
480;721;1
480;654;1
481;777;1
481;914;1
481;701;1
481;484;1
482;848;1
482;636;1
482;570;1
482;754;1
483;713;1
483;820;1
483;723;1
483;609;1
483;585;1
483;823;1
483;529;1
483;922;1
483;538;1
483;504;1
483;506;1
483;990;1
484;700;1
484;484;1
484;693;1
484;802;1
485;885;1
485;554;1
485;485;1
485;877;1
486;589;1
486;486;1
486;869;1
487;905;1
487;542;1
487;487;1
487;781;1
487;569;1
488;739;1
489;716;1
489;881;1
490;527;1
490;670;1
490;899;1
490;490;1
490;767;1
491;743;1
491;628;1
492;676;1
492;561;1
492;556;1
492;697;1
492;971;1
493;524;1
494;558;1
494;523;1
494;921;1
495;975;1
495;970;1
495;960;1
495;499;1
495;550;1
496;928;1
496;868;1
497;599;1
497;909;1
497;940;1
497;615;1
498;789;1
499;960;1
499;603;1
499;991;1
499;975;1
499;704;1
499;499;1
499;773;1
500;997;1
500;748;1
501;693;1
501;501;1
502;788;1
502;722;1
502;729;1
502;876;1
503;518;1
503;913;1
504;771;1
504;847;1
504;504;1
504;823;1
504;953;1
504;720;1
504;864;1
504;820;1
504;609;1
504;992;1
504;744;1
504;595;1
505;778;1
505;599;1
505;984;1
506;953;1
506;718;1
506;613;1
506;756;1
507;662;1
507;599;1
507;772;1
507;514;1
507;781;1
508;827;1
508;916;1
508;549;1
508;678;1
509;649;1
509;947;1
509;945;1
509;636;1
510;671;1
510;800;1
510;982;1
511;523;1
511;786;1
511;920;1
511;685;1
511;949;1
512;640;1
512;705;1
512;800;1
513;513;1
513;868;1
513;651;1
513;913;1
513;779;1
514;727;1
514;871;1
514;970;1
514;599;1
514;644;1
514;519;1
515;709;1
516;691;1
516;766;1
516;558;1
516;977;1
516;794;1
516;853;1
517;588;1
517;979;1
517;879;1
517;833;1
517;851;1
518;617;1
518;910;1
518;518;1
518;913;1
519;633;1
520;596;1
520;846;1
520;535;1
520;827;1
520;604;1
521;521;1
521;802;1
521;753;1
521;886;1
521;908;1
521;923;1
521;629;1
522;643;1
522;818;1
522;780;1
522;797;1
522;553;1
522;557;1
522;944;1
523;747;1
523;685;1
523;666;1
523;920;1
523;938;1
524;537;1
524;524;1
524;746;1
524;908;1
524;548;1
525;624;1
525;653;1
525;854;1
525;654;1
525;911;1
526;865;1
526;565;1
526;751;1
527;899;1
527;761;1
527;670;1
527;742;1
527;527;1
527;624;1
527;735;1
527;949;1
528;945;1
528;619;1
528;803;1
528;802;1
528;727;1
529;771;1
529;744;1
529;922;1
529;919;1
529;585;1
529;720;1
530;703;1
530;666;1
530;709;1
531;889;1
531;904;1
531;950;1
531;994;1
531;589;1
532;800;1
533;970;1
533;804;1
534;775;1
534;950;1
534;916;1
534;909;1
535;705;1
535;986;1
535;926;1
535;927;1
535;690;1
535;827;1
535;995;1
535;758;1
535;857;1
535;978;1
535;586;1
536;902;1
536;679;1
537;908;1
537;537;1
537;763;1
538;927;1
538;581;1
538;966;1
538;865;1
538;884;1
539;696;1
539;568;1
539;656;1
540;668;1
540;892;1
540;632;1
540;988;1
540;708;1
541;779;1
541;664;1
541;793;1
541;950;1
541;934;1
541;816;1
542;721;1
542;894;1
543;654;1
543;968;1
543;741;1
543;977;1
544;775;1
544;904;1
544;916;1
544;589;1
545;587;1
545;849;1
545;942;1
545;877;1
545;956;1
545;586;1
546;645;1
546;776;1
546;809;1
546;941;1
547;931;1
547;667;1
547;858;1
547;805;1
547;707;1
548;908;1
548;658;1
548;839;1
548;692;1
548;575;1
549;610;1
549;589;1
549;998;1
550;655;1
550;663;1
550;688;1
550;873;1
550;875;1
551;786;1
551;920;1
551;703;1
551;724;1
552;667;1
552;798;1
552;566;1
552;726;1
552;707;1
553;910;1
553;643;1
553;890;1
553;553;1
553;557;1
553;824;1
553;812;1
553;944;1
553;784;1
554;652;1
554;767;1
554;959;1
554;877;1
555;586;1
555;776;1
555;675;1
555;699;1
555;573;1
556;676;1
556;879;1
556;561;1
557;787;1
557;557;1
557;659;1
557;643;1
557;780;1
557;760;1
557;944;1
557;824;1
557;799;1
558;794;1
558;811;1
559;679;1
559;982;1
560;654;1
560;598;1
560;969;1
560;976;1
561;561;1
561;879;1
561;697;1
561;683;1
561;770;1
561;729;1
561;826;1
562;811;1
562;814;1
562;817;1
562;853;1
563;571;1
563;940;1
563;892;1
563;997;1
563;816;1
563;600;1
563;883;1
563;701;1
564;896;1
564;678;1
564;637;1
564;589;1
565;616;1
565;959;1
566;939;1
566;707;1
566;574;1
566;931;1
566;778;1
566;973;1
566;852;1
566;730;1
567;567;1
567;593;1
567;999;1
567;893;1
568;568;1
569;905;1
569;917;1
569;860;1
569;844;1
569;796;1
569;894;1
570;644;1
570;791;1
570;810;1
570;582;1
571;909;1
571;664;1
571;674;1
571;735;1
572;886;1
572;919;1
572;585;1
572;615;1
572;828;1
572;746;1
573;776;1
573;675;1
573;834;1
573;665;1
574;798;1
575;912;1
575;575;1
576;807;1
576;708;1
576;825;1
576;915;1
576;576;1
576;692;1
576;822;1
577;897;1
577;952;1
577;957;1
577;577;1
577;964;1
578;672;1
578;925;1
578;657;1
578;590;1
578;975;1
578;603;1
579;823;1
579;613;1
579;962;1
579;591;1
579;847;1
580;663;1
580;830;1
581;966;1
581;865;1
581;798;1
582;924;1
582;856;1
583;782;1
583;957;1
584;908;1
584;940;1
584;733;1
584;788;1
584;832;1
584;722;1
584;729;1
584;765;1
585;864;1
585;660;1
585;847;1
585;720;1
586;933;1
586;792;1
586;734;1
586;849;1
586;932;1
586;726;1
586;757;1
586;779;1
587;606;1
587;680;1
587;837;1
587;956;1
587;599;1
588;695;1
589;678;1
589;889;1
589;608;1
589;916;1
589;994;1
589;896;1
589;589;1
589;903;1
589;635;1
589;933;1
590;795;1
590;970;1
590;732;1
590;618;1
590;672;1
590;614;1
591;630;1
591;591;1
592;884;1
592;790;1
592;670;1
592;594;1
592;722;1
592;729;1
593;694;1
593;967;1
593;999;1
593;898;1
593;593;1
593;714;1
594;745;1
595;850;1
595;977;1
595;717;1
595;845;1
595;730;1
596;926;1
596;835;1
596;885;1
596;986;1
597;897;1
597;952;1
597;743;1
597;692;1
597;684;1
598;774;1
598;653;1
598;654;1
598;969;1
598;980;1
599;772;1
599;906;1
599;778;1
599;748;1
599;642;1
599;871;1
599;662;1
599;781;1
599;727;1
599;599;1
599;728;1
599;984;1
599;974;1
599;856;1
600;664;1
601;777;1
601;710;1
602;705;1
602;676;1
602;986;1
602;749;1
602;793;1
603;732;1
603;982;1
604;627;1
605;652;1
605;918;1
605;959;1
605;877;1
606;975;1
606;721;1
607;738;1
607;623;1
607;644;1
608;775;1
608;889;1
608;998;1
609;919;1
609;720;1
609;746;1
609;864;1
609;847;1
609;609;1
610;814;1
610;904;1
610;678;1
611;672;1
611;848;1
611;918;1
611;611;1
611;877;1
612;775;1
612;983;1
613;802;1
613;828;1
613;962;1
613;744;1
614;614;1
615;816;1
615;793;1
615;972;1
616;616;1
616;953;1
617;768;1
617;769;1
617;868;1
618;728;1
618;925;1
618;991;1
618;843;1
618;810;1
619;649;1
620;865;1
621;837;1
621;682;1
621;815;1
621;829;1
621;862;1
622;893;1
623;701;1
623;937;1
623;636;1
623;735;1
623;685;1
624;972;1
625;899;1
625;625;1
626;667;1
626;798;1
626;805;1
626;730;1
627;657;1
627;918;1
628;653;1
629;886;1
629;629;1
629;927;1
630;671;1
630;805;1
630;893;1
631;956;1
631;944;1
632;664;1
632;673;1
632;674;1
633;988;1
634;779;1
634;687;1
634;988;1
635;865;1
635;775;1
636;813;1
636;736;1
636;791;1
636;738;1
637;679;1
637;637;1
638;742;1
638;643;1
638;780;1
638;785;1
638;948;1
638;944;1
638;760;1
638;825;1
639;921;1
639;856;1
639;639;1
639;960;1
640;976;1
640;907;1
640;800;1
640;804;1
641;899;1
641;670;1
642;778;1
642;974;1
642;727;1
642;642;1
642;662;1
642;984;1
643;785;1
643;764;1
643;818;1
643;780;1
643;660;1
643;944;1
644;924;1
644;937;1
644;715;1
645;941;1
645;669;1
645;699;1
645;776;1
645;675;1
645;809;1
645;834;1
646;693;1
646;673;1
647;712;1
647;685;1
647;786;1
647;953;1
647;938;1
647;949;1
647;861;1
648;845;1
648;977;1
648;759;1
648;654;1
648;969;1
649;752;1
649;910;1
649;947;1
650;740;1
650;978;1
650;986;1
650;895;1
650;663;1
651;659;1
651;687;1
652;877;1
652;652;1
652;885;1
652;718;1
652;959;1
653;969;1
653;977;1
653;845;1
653;654;1
653;741;1
653;911;1
653;850;1
653;711;1
653;783;1
654;977;1
654;968;1
654;774;1
654;737;1
654;969;1
654;759;1
654;717;1
654;850;1
654;654;1
654;854;1
654;946;1
654;911;1
654;751;1
654;741;1
655;882;1
655;874;1
655;663;1
656;666;1
656;801;1
656;799;1
656;949;1
656;724;1
657;952;1
657;867;1
657;889;1
657;957;1
657;964;1
657;965;1
658;891;1
659;912;1
659;780;1
659;787;1
659;824;1
659;760;1
660;960;1
660;880;1
661;819;1
661;930;1
661;895;1
661;705;1
661;926;1
661;715;1
661;671;1
661;933;1
661;713;1
661;978;1
661;749;1
662;778;1
662;728;1
662;906;1
662;727;1
662;968;1
952;994;1
957;981;1
960;960;1
963;996;1
967;996;1
972;998;1
973;978;1
973;973;1
974;974;1
975;992;1
981;983;1
983;983;1
988;996;1
990;990;1
998;998;1