0;706;11.0
0;826;11.0
0;676;15.0
0;683;9.0
0;747;11.0
0;94;17.0
706;154;22.0
706;198;4.0
706;221;5.0
706;244;13.0
826;198;13.0
826;323;17.0
826;374;15.0
826;561;16.0
676;41;30.0
676;84;17.0
676;198;16.0
676;221;18.0
676;471;18.0
676;492;5.333333333333333
676;556;5.0
676;602;20.0
683;28;13.0
683;561;14.0
747;16;16.0
747;32;6.0
747;362;17.0
747;523;4.0
94;11;6.0
94;36;6.0
94;638;4.75
94;553;8.333333333333334
94;944;3.142857142857143
94;787;18.0
94;818;16.0
94;643;7.0
94;760;7.333333333333333
94;335;16.0
1;796;23.0
1;31;21.0
1;158;20.0
1;547;19.0
1;707;19.0
1;806;17.0
1;21;20.0
1;751;19.0
1;836;19.0
1;574;18.0
1;516;23.0
1;552;18.0
796;72;16.0
796;86;18.0
796;156;6.666666666666667
796;162;6.25
796;201;6.666666666666667
796;240;18.0
796;244;18.0
796;311;20.0
796;412;20.0
796;569;20.0
31;673;19.0
31;667;18.0
31;38;18.0
31;616;20.0
31;445;7.666666666666667
31;707;18.0
31;973;5.666666666666667
31;852;23.0
31;356;18.0
158;69;25.0
158;406;21.0
158;836;17.0
158;328;15.0
158;240;4.666666666666667
158;939;13.0
158;311;5.666666666666667
158;730;5.0
547;128;20.0
547;367;4.333333333333333
547;931;14.0
547;667;17.0
547;858;14.0
547;805;4.333333333333333
547;707;17.0
707;156;20.0
707;201;20.0
707;356;19.0
707;406;7.0
707;430;18.0
707;552;15.0
707;566;7.666666666666667
806;203;12.0
806;205;4.0
806;299;3.6666666666666665
806;443;12.0
21;553;27.0
21;205;5.0
21;836;17.0
21;317;17.0
21;412;18.0
21;943;11.0
21;183;14.0
21;730;7.0
751;72;12.0
751;121;12.0
751;356;17.0
751;445;20.0
751;526;18.0
751;654;45.0
836;60;16.0
836;175;32.0
836;200;18.0
836;201;19.0
836;299;16.0
836;445;22.0
574;38;14.0
574;42;16.0
574;356;16.0
574;566;20.0
574;798;14.0
516;98;18.0
516;257;3.1666666666666665
516;401;5.666666666666667
516;428;4.5
516;691;4.25
516;766;5.333333333333333
516;558;5.333333333333333
516;977;20.0
516;794;4.25
516;853;5.333333333333333
552;175;9.666666666666666
552;667;15.0
552;798;4.666666666666667
552;566;21.0
552;726;19.0
2;256;10.666666666666666
2;296;6.25
2;876;21.0
2;874;20.0
2;478;7.333333333333333
2;141;21.0
2;882;6.666666666666667
2;365;24.0
2;456;25.0
2;361;35.0
2;298;7.666666666666667
2;420;24.0
2;448;28.0
2;873;23.0
2;600;24.0
2;529;30.0
2;718;21.0
256;110;9.333333333333334
256;141;30.0
256;161;10.666666666666666
256;232;10.0
256;234;10.0
256;655;10.0
256;296;3.2222222222222223
256;365;10.333333333333334
256;298;7.25
256;550;4.285714285714286
256;882;9.0
256;935;7.0
256;580;9.333333333333334
256;478;9.666666666666666
256;456;31.0
256;873;9.666666666666666
256;688;9.333333333333334
256;256;1.2857142857142858
256;876;29.0
256;397;10.0
256;420;10.333333333333334
256;361;11.666666666666666
256;609;35.0
256;615;39.0
256;988;39.0
256;663;10.0
296;110;2.8
296;232;4.0
296;397;4.5
296;663;3.3333333333333335
296;478;2.6666666666666665
296;580;3.75
296;300;34.0
296;522;20.0
876;161;15.0
876;408;18.0
876;420;15.0
876;502;13.0
874;141;13.0
874;238;2.75
874;361;9.666666666666666
874;365;4.333333333333333
874;655;13.0
478;180;18.0
478;232;5.0
478;361;32.0
478;365;18.0
478;663;7.0
478;868;23.0
478;873;20.0
141;935;13.0
141;882;13.0
141;522;19.0
141;186;16.0
141;873;19.0
141;361;30.0
882;298;2.8
882;361;10.0
882;397;16.0
882;655;14.0
365;186;17.0
365;234;16.0
365;238;5.333333333333333
365;361;10.0
365;655;5.333333333333333
365;550;3.8
365;753;19.0
456;182;28.0
456;361;11.0
456;397;5.666666666666667
456;663;22.0
456;580;15.0
456;832;17.0
456;873;20.0
456;875;4.0
456;951;18.0
361;27;37.0
361;107;33.0
361;110;10.666666666666666
361;161;6.4
361;186;31.0
361;232;32.0
361;234;10.333333333333334
361;238;7.75
361;298;7.75
361;704;33.0
361;663;10.666666666666666
361;550;3.1
361;655;10.333333333333334
361;688;10.333333333333334
361;873;10.666666666666666
361;875;5.166666666666667
361;580;31.0
361;935;7.5
361;361;1.5263157894736843
361;420;8.25
361;701;45.0
298;232;16.0
298;294;40.0
298;935;3.5
298;580;15.0
298;483;24.0
298;873;20.0
420;174;22.0
420;435;21.0
420;663;23.0
420;935;3.75
420;873;21.0
420;875;5.666666666666667
420;568;15.0
448;150;19.0
448;215;18.0
448;219;6.666666666666667
448;384;23.0
448;991;17.0
448;672;5.666666666666667
448;670;24.0
448;704;16.0
448;975;20.0
448;971;18.0
873;106;28.0
873;163;22.0
873;234;19.0
873;397;21.0
873;550;5.5
600;169;4.666666666666667
600;309;15.0
600;327;23.0
600;450;16.0
600;563;22.0
600;664;23.0
529;65;3.6363636363636362
529;208;20.0
529;325;5.666666666666667
529;348;5.333333333333333
529;441;7.0
529;483;8.0
529;771;17.0
529;744;6.333333333333333
529;922;5.0
529;919;5.666666666666667
529;585;6.333333333333333
529;720;6.0
718;65;13.0
718;506;3.0
718;652;14.0
3;307;21.0
3;650;21.0
3;342;24.0
3;895;6.333333333333333
3;178;24.0
3;661;5.2
3;279;23.0
3;671;8.0
3;819;5.0
3;841;5.0
3;986;30.0
3;216;23.0
3;115;7.666666666666667
307;47;19.0
307;89;16.0
307;216;4.75
307;927;20.0
307;827;5.0
307;859;14.0
307;835;15.0
307;986;29.0
307;740;5.333333333333333
650;33;6.333333333333333
650;435;18.0
650;453;5.666666666666667
650;462;17.0
650;740;17.0
650;978;6.0
650;986;28.0
650;895;16.0
650;663;24.0
342;115;27.0
342;155;20.0
342;196;27.0
342;216;7.333333333333333
342;926;20.0
342;671;24.0
342;415;23.0
342;740;19.0
342;713;18.0
342;602;24.0
342;835;19.0
342;978;9.666666666666666
342;565;21.0
895;48;14.0
895;196;8.333333333333334
895;212;18.0
895;309;18.0
895;435;5.333333333333333
895;661;4.2
178;22;4.25
178;27;20.0
178;142;3.1666666666666665
178;149;2.5
178;174;2.4285714285714284
178;750;15.0
178;993;14.0
178;829;3.75
178;862;5.666666666666667
178;878;2.6666666666666665
661;124;24.0
661;196;4.142857142857143
661;435;6.0
661;472;7.333333333333333
661;819;6.0
661;930;22.0
661;705;7.0
661;926;7.666666666666667
661;715;23.0
661;671;7.25
661;933;7.333333333333333
661;713;6.666666666666667
661;978;10.333333333333334
661;749;22.0
279;89;17.0
279;115;24.0
279;520;7.0
279;596;4.5
279;827;18.0
279;740;20.0
279;317;21.0
279;671;25.0
279;705;19.0
279;986;10.0
279;356;23.0
279;504;30.0
671;89;20.0
671;115;25.0
671;155;20.0
671;196;9.333333333333334
671;212;24.0
671;243;22.0
671;415;24.0
671;419;19.0
671;442;21.0
671;510;21.0
671;630;24.0
819;149;11.0
841;115;5.666666666666667
841;415;13.0
986;57;29.0
986;83;28.0
986;89;25.0
986;115;10.0
986;196;12.0
986;212;29.0
986;239;27.0
986;378;27.0
986;415;31.0
986;419;8.333333333333334
986;435;28.0
986;442;28.0
986;444;9.666666666666666
986;453;26.0
986;535;38.0
986;596;8.666666666666666
986;602;7.5
216;33;6.333333333333333
216;212;21.0
216;243;6.333333333333333
216;740;5.666666666666667
216;978;5.0
216;930;17.0
216;926;18.0
216;216;1.625
216;827;5.666666666666667
216;682;18.0
115;80;27.0
115;89;19.0
115;535;8.0
115;690;4.25
115;435;7.333333333333333
115;927;7.666666666666667
115;444;4.4
115;243;23.0
115;675;20.0
4;65;4.222222222222222
4;823;4.666666666666667
4;828;4.666666666666667
4;962;5.333333333333333
4;995;14.0
4;720;4.666666666666667
4;746;4.666666666666667
4;113;5.333333333333333
4;504;7.333333333333333
65;46;45.0
65;59;8.0
65;89;43.0
65;820;9.75
65;830;10.0
65;504;3.727272727272727
65;823;8.0
65;838;9.5
65;922;7.6
65;919;4.625
65;613;6.666666666666667
65;953;13.666666666666666
65;585;4.222222222222222
65;992;13.0
65;847;6.5
65;864;7.6
65;744;6.5
65;65;1.1935483870967742
65;755;39.0
65;325;6.333333333333333
65;828;5.428571428571429
65;441;5.857142857142857
65;348;5.285714285714286
65;746;6.333333333333333
65;609;4.222222222222222
65;113;4.444444444444445
65;962;8.2
65;720;4.111111111111111
65;483;4.2
65;572;6.666666666666667
65;506;6.333333333333333
65;122;44.0
65;556;43.0
65;320;54.0
823;352;17.0
823;468;4.333333333333333
823;483;6.333333333333333
823;504;7.0
823;579;13.0
828;113;5.333333333333333
828;197;14.0
828;325;4.0
828;572;4.333333333333333
828;613;4.666666666666667
962;317;16.0
962;348;4.333333333333333
962;434;16.0
962;476;15.0
962;579;13.0
962;613;4.666666666666667
995;83;13.0
995;288;25.0
995;378;11.0
995;535;27.0
720;113;5.333333333333333
720;348;4.0
720;504;7.0
720;585;5.0
720;609;5.0
746;441;5.0
746;524;14.0
746;572;4.333333333333333
746;609;4.666666666666667
113;119;16.0
113;786;17.0
113;838;4.666666666666667
113;830;5.333333333333333
113;744;5.0
113;323;22.0
113;504;8.0
504;197;7.666666666666667
504;483;9.0
504;771;6.666666666666667
504;847;23.0
504;504;1.3846153846153846
504;953;23.0
504;864;6.666666666666667
504;820;21.0
504;609;7.0
504;992;6.666666666666667
504;744;7.0
504;595;26.0
5;616;3.0
5;85;3.0
5;438;11.0
5;34;10.0
5;515;14.0
5;8;3.3333333333333335
616;8;2.8
616;34;4.333333333333333
616;63;17.0
616;85;3.25
616;438;3.5
616;460;27.0
616;565;3.75
616;616;1.5714285714285714
616;953;17.0
85;8;3.3333333333333335
85;46;14.0
85;696;9.0
438;8;4.333333333333333
438;34;3.6666666666666665
438;138;22.0
438;565;3.25
438;568;12.0
438;782;12.0
34;565;2.75
34;539;13.0
34;877;18.0
515;7;4.25
515;127;5.5
515;190;4.666666666666667
515;318;3.0
515;351;22.0
515;449;5.333333333333333
515;709;4.25
8;859;11.0
8;539;14.0
8;8;1.6
8;685;15.0
6;7;20.0
6;914;14.0
6;249;18.0
6;333;18.0
6;777;18.0
6;709;7.333333333333333
6;338;16.0
6;881;20.0
6;318;16.0
6;127;11.666666666666666
6;929;20.0
6;920;18.0
7;777;15.0
7;318;4.666666666666667
7;787;20.0
7;433;18.0
7;55;21.0
7;218;20.0
7;127;11.333333333333334
7;757;19.0
7;414;22.0
914;127;10.333333333333334
914;481;3.0
249;55;17.0
249;218;16.0
249;433;14.0
249;701;21.0
249;710;11.0
333;68;18.0
333;127;11.0
333;700;3.3333333333333335
333;701;24.0
333;491;15.0
333;338;12.0
333;432;16.0
777;127;10.333333333333334
777;218;17.0
777;433;14.0
777;449;5.333333333333333
777;481;14.0
777;601;12.0
709;76;20.0
709;127;4.375
709;181;4.25
709;190;3.2
709;210;5.333333333333333
709;315;22.0
709;321;4.0
709;433;6.333333333333333
709;530;19.0
338;127;32.0
338;210;11.0
338;218;16.0
338;338;7.0
338;877;18.0
881;153;16.0
881;209;19.0
881;272;20.0
881;294;11.0
881;320;23.0
881;392;15.0
881;489;4.333333333333333
318;127;10.666666666666666
318;693;18.0
318;732;13.0
127;55;9.5
127;64;10.666666666666666
127;68;12.0
127;106;45.0
127;701;12.666666666666666
127;190;11.333333333333334
127;484;5.833333333333333
127;210;10.666666666666666
127;646;10.666666666666666
127;987;8.25
127;700;7.75
127;433;11.0
127;601;33.0
127;449;4.125
127;481;8.25
127;218;11.666666666666666
127;233;11.666666666666666
127;321;11.333333333333334
127;693;9.0
127;617;38.0
127;444;40.0
929;29;19.0
929;189;11.0
929;266;36.0
929;311;17.0
929;370;5.0
929;398;7.0
929;422;14.0
920;16;5.666666666666667
920;353;17.0
920;511;12.0
920;523;13.0
920;551;5.333333333333333
787;11;19.0
787;36;17.0
787;304;24.0
787;393;5.666666666666667
787;403;19.0
787;557;7.666666666666667
787;659;4.75
433;213;19.0
433;987;14.0
433;601;13.0
433;701;24.0
55;181;19.0
55;55;3.0
55;693;7.666666666666667
55;987;5.333333333333333
55;834;17.0
55;187;39.0
55;527;29.0
55;63;18.0
55;924;16.0
218;162;28.0
218;701;26.0
218;484;6.666666666666667
218;646;17.0
218;250;24.0
218;349;17.0
757;154;8.0
757;166;3.5
757;287;3.75
757;293;4.25
757;310;4.0
757;400;20.0
757;586;6.2
414;259;6.333333333333333
414;288;29.0
414;384;4.0
414;388;21.0
414;740;18.0
414;908;6.333333333333333
414;912;4.333333333333333
414;575;16.0
414;852;25.0
414;605;20.0
859;33;14.0
859;415;14.0
539;30;9.0
539;39;17.0
539;696;11.0
539;568;10.0
539;656;19.0
685;32;6.666666666666667
685;176;15.0
685;362;6.333333333333333
685;511;14.0
685;523;14.0
685;623;15.0
685;647;5.25
9;260;7.0
9;776;18.0
9;390;14.0
9;555;14.0
9;131;16.0
9;262;5.0
9;237;18.0
260;35;23.0
260;132;8.0
260;137;20.0
260;167;3.8
260;834;19.0
260;669;5.333333333333333
260;546;4.75
260;341;6.666666666666667
260;303;6.333333333333333
260;699;5.666666666666667
260;417;6.333333333333333
260;260;1.2307692307692308
260;645;3.6666666666666665
260;262;5.0
260;809;2.8333333333333335
776;132;7.0
776;137;6.0
776;167;19.0
776;292;26.0
776;303;5.666666666666667
776;341;6.333333333333333
776;390;20.0
776;417;19.0
776;546;6.0
776;555;6.0
776;573;3.6
776;645;8.0
390;132;21.0
390;262;17.0
390;809;17.0
390;834;15.0
390;555;16.0
390;390;11.0
390;403;20.0
390;733;15.0
390;894;16.0
555;52;17.0
555;132;6.666666666666667
555;586;35.0
555;675;4.333333333333333
555;699;13.0
555;573;2.8
131;223;5.0
131;591;14.0
131;567;18.0
131;331;7.0
131;463;17.0
131;332;3.4
131;980;5.0
131;893;21.0
262;132;21.0
262;167;5.0
262;233;19.0
262;465;17.0
262;262;2.75
262;341;17.0
262;632;19.0
262;834;14.0
237;49;17.0
237;163;19.0
237;235;5.333333333333333
237;970;20.0
237;783;18.0
237;937;6.333333333333333
237;963;18.0
237;842;14.0
237;339;18.0
237;242;16.0
10;215;16.0
10;902;4.0
10;637;3.25
10;559;4.666666666666667
10;810;15.0
10;536;3.25
10;679;2.6
10;308;4.666666666666667
10;428;18.0
215;211;14.0
215;795;12.0
215;606;13.0
215;480;23.0
215;495;17.0
902;136;12.0
902;227;3.0
902;308;10.0
902;536;2.25
637;136;4.0
637;308;4.0
637;386;15.0
637;564;12.0
637;679;2.75
637;637;1.4
559;49;13.0
559;136;4.0
559;278;14.0
559;679;2.75
559;982;13.0
810;29;17.0
810;163;15.0
810;339;4.333333333333333
810;570;4.666666666666667
810;618;16.0
536;227;1.8
536;319;17.0
536;447;3.6666666666666665
536;679;2.75
679;136;3.0
679;227;4.0
679;270;18.0
308;153;17.0
308;179;15.0
308;227;11.0
308;447;12.0
428;58;15.0
428;179;16.0
428;257;5.666666666666667
428;271;17.0
428;562;4.666666666666667
428;814;4.0
428;691;4.666666666666667
11;11;2.1666666666666665
11;824;17.0
11;785;17.0
11;643;7.333333333333333
11;570;21.0
11;797;18.0
11;553;8.333333333333334
11;304;8.666666666666666
11;944;4.0
11;760;24.0
11;864;17.0
824;114;5.333333333333333
824;213;16.0
824;553;7.0
824;557;7.0
824;659;5.666666666666667
785;114;16.0
785;126;13.0
785;236;13.0
785;638;5.333333333333333
785;643;5.666666666666667
643;114;22.0
643;126;19.0
643;304;8.333333333333334
643;522;2.375
643;553;8.333333333333334
643;557;9.0
643;638;5.5
643;764;18.0
643;818;6.0
643;780;7.333333333333333
643;660;23.0
643;944;4.0
570;42;19.0
570;339;5.333333333333333
570;446;16.0
570;482;16.0
570;644;18.0
570;791;15.0
570;582;16.0
797;36;16.0
797;91;16.0
797;114;15.0
797;400;17.0
797;522;16.0
553;36;8.0
553;114;8.0
553;126;24.0
553;304;9.333333333333334
553;393;8.666666666666666
553;400;8.333333333333334
553;522;4.0
553;910;25.0
553;890;20.0
553;553;1.4615384615384615
553;557;9.333333333333334
553;812;22.0
553;944;3.125
553;784;24.0
304;36;7.666666666666667
304;81;25.0
304;114;26.0
304;126;25.0
304;393;8.0
304;522;3.4285714285714284
304;557;9.333333333333334
304;388;8.333333333333334
304;764;21.0
304;760;27.0
304;818;7.333333333333333
304;944;3.857142857142857
304;533;28.0
304;349;25.0
304;931;25.0
944;36;3.142857142857143
944;69;32.0
944;142;29.0
944;248;22.0
944;388;3.6666666666666665
944;393;3.2857142857142856
944;400;5.0
944;522;3.6666666666666665
944;557;4.333333333333333
944;631;5.0
944;638;4.8
760;36;21.0
760;68;25.0
760;81;6.666666666666667
760;114;22.0
760;252;28.0
760;292;27.0
760;393;22.0
760;400;7.666666666666667
760;557;27.0
760;638;4.4
760;659;23.0
864;585;4.333333333333333
864;609;4.0
12;980;15.0
12;689;11.0
12;967;15.0
12;893;4.5
12;38;16.0
12;99;8.666666666666666
12;368;7.333333333333333
980;50;18.0
980;139;9.666666666666666
980;223;4.666666666666667
980;332;3.2
980;460;25.0
980;598;17.0
689;99;8.0
689;223;13.0
689;331;5.666666666666667
689;455;2.5
967;99;27.0
967;139;31.0
967;184;23.0
967;336;42.0
967;440;20.0
967;460;24.0
967;593;23.0
967;996;20.0
893;48;19.0
893;99;10.333333333333334
893;133;26.0
893;139;10.666666666666666
893;184;8.0
893;324;7.333333333333333
893;368;8.666666666666666
893;444;23.0
893;567;20.0
893;622;3.2
893;630;21.0
38;489;15.0
38;667;16.0
38;97;17.0
38;175;32.0
38;566;23.0
38;477;20.0
99;50;10.333333333333334
99;139;11.333333333333334
99;567;28.0
99;185;8.333333333333334
99;455;6.75
99;332;4.0
99;460;8.0
99;223;9.0
99;702;8.0
99;184;10.666666666666666
99;591;27.0
99;323;31.0
99;888;5.0
99;314;9.333333333333334
99;347;29.0
99;473;28.0
99;165;31.0
99;201;32.0
368;24;26.0
368;50;7.666666666666667
368;59;23.0
368;130;23.0
368;139;10.0
368;184;29.0
368;314;24.0
368;323;25.0
368;331;27.0
368;702;19.0
368;898;20.0
368;999;20.0
368;888;5.25
368;591;22.0
13;276;7.333333333333333
13;389;7.666666666666667
13;581;7.666666666666667
13;866;5.666666666666667
13;462;20.0
13;719;19.0
13;479;20.0
13;884;20.0
13;489;4.5
13;716;6.333333333333333
13;90;20.0
13;24;25.0
13;294;11.666666666666666
13;209;22.0
13;197;23.0
276;74;4.666666666666667
276;226;14.0
276;517;4.0
276;588;5.0
276;475;16.0
276;866;4.0
276;494;14.0
389;102;5.333333333333333
389;125;16.0
389;209;20.0
389;229;17.0
389;272;7.666666666666667
389;966;21.0
389;489;5.333333333333333
389;620;15.0
389;462;16.0
389;389;2.4
389;610;18.0
581;272;4.4
581;294;4.857142857142857
581;320;2.625
581;392;3.2
581;538;2.6666666666666665
581;966;3.8
581;865;3.6
581;798;17.0
866;153;14.0
866;209;16.0
866;294;32.0
462;294;34.0
462;526;5.333333333333333
462;966;18.0
462;865;6.0
719;294;10.666666666666666
719;320;22.0
719;415;15.0
719;430;4.0
479;107;11.0
479;294;10.666666666666666
479;320;7.0
479;392;4.333333333333333
479;951;2.0
884;102;12.0
884;125;14.0
884;209;17.0
884;294;33.0
884;538;17.0
884;592;16.0
489;294;8.25
489;716;2.75
716;209;18.0
716;294;10.666666666666666
716;320;23.0
716;454;12.0
716;463;15.0
90;62;21.0
90;86;3.0
90;153;5.0
90;294;10.666666666666666
90;966;18.0
90;209;17.0
24;450;54.0
24;269;5.666666666666667
24;82;14.0
24;971;5.333333333333333
24;880;12.0
24;981;16.0
24;474;5.666666666666667
24;936;4.333333333333333
294;86;11.333333333333334
294;102;34.0
294;153;35.0
294;209;36.0
294;897;36.0
294;454;33.0
294;538;12.0
294;294;1.9375
294;320;12.333333333333334
294;951;8.0
294;430;8.75
294;392;11.333333333333334
294;966;11.666666666666666
294;526;39.0
294;725;32.0
294;620;35.0
294;337;37.0
294;953;37.0
294;983;35.0
209;125;5.333333333333333
209;655;22.0
209;966;22.0
209;272;8.333333333333334
209;209;3.5
209;865;5.75
197;572;15.0
197;579;14.0
197;771;3.6666666666666665
197;744;14.0
197;723;12.0
14;222;16.0
14;461;16.0
14;681;5.333333333333333
14;18;2.8
14;51;5.0
14;761;2.0
14;968;16.0
14;527;6.25
14;295;4.0
222;161;17.0
222;188;19.0
222;528;17.0
222;923;13.0
222;222;8.0
222;396;15.0
222;762;14.0
461;142;18.0
461;174;16.0
461;297;5.333333333333333
461;815;3.3333333333333335
461;862;13.0
461;852;21.0
681;18;4.666666666666667
681;48;14.0
681;138;19.0
681;160;16.0
681;180;16.0
681;267;15.0
681;292;21.0
18;138;18.0
18;761;3.3333333333333335
18;735;14.0
18;975;17.0
18;670;6.333333333333333
18;295;5.75
51;641;4.666666666666667
51;295;8.333333333333334
51;160;4.666666666666667
51;775;18.0
51;490;13.0
51;250;18.0
761;295;6.666666666666667
761;527;6.666666666666667
968;70;16.0
968;123;15.0
968;352;48.0
968;543;13.0
968;654;42.0
968;662;27.0
527;119;7.333333333333333
527;160;26.0
527;180;8.0
527;246;25.0
527;266;49.0
527;292;9.0
527;295;3.625
527;360;7.666666666666667
527;490;23.0
527;899;7.666666666666667
527;670;9.0
527;742;20.0
527;527;1.7272727272727273
527;624;21.0
527;735;8.0
527;949;24.0
295;119;4.2
295;138;4.666666666666667
295;180;6.25
295;196;37.0
295;292;3.857142857142857
295;750;23.0
295;403;4.166666666666667
295;670;3.857142857142857
295;858;5.75
295;899;4.8
295;624;5.5
295;625;5.75
295;464;28.0
295;808;21.0
15;261;13.0
15;519;4.0
15;665;3.6666666666666665
15;15;1.2
15;402;4.0
15;532;4.333333333333333
261;95;20.0
261;251;4.0
261;387;19.0
261;633;14.0
261;800;23.0
261;907;5.0
261;402;6.0
261;477;18.0
519;133;6.0
519;134;17.0
519;182;24.0
519;402;6.25
519;418;15.0
519;514;19.0
519;633;13.0
665;28;5.333333333333333
665;40;12.0
665;134;4.0
665;202;4.666666666666667
665;402;8.333333333333334
665;573;15.0
402;133;4.666666666666667
402;251;5.75
402;395;4.166666666666667
402;512;6.25
402;477;4.166666666666667
402;510;8.0
402;804;6.0
402;907;8.333333333333334
402;431;7.666666666666667
402;532;6.5
402;976;23.0
402;756;7.333333333333333
402;533;4.0
402;509;28.0
402;829;25.0
532;28;16.0
532;133;6.0
532;134;16.0
532;155;18.0
532;182;22.0
532;202;15.0
532;800;21.0
16;647;8.666666666666666
16;16;1.8571428571428572
16;666;17.0
16;801;19.0
16;551;3.8
16;176;5.333333333333333
16;273;18.0
16;633;17.0
16;530;17.0
16;32;7.0
16;724;5.333333333333333
647;32;4.333333333333333
647;46;7.666666666666667
647;71;20.0
647;105;21.0
647;229;3.6
647;353;8.666666666666666
647;362;3.8333333333333335
647;712;20.0
647;786;6.666666666666667
647;953;22.0
647;938;4.0
647;949;4.75
647;861;19.0
666;32;19.0
666;105;13.0
666;273;4.666666666666667
666;364;18.0
666;523;15.0
666;530;12.0
666;656;6.333333333333333
801;32;21.0
801;46;5.0
801;105;14.0
801;353;6.0
801;362;6.333333333333333
801;364;17.0
801;656;3.4
551;32;8.0
551;101;19.0
551;154;28.0
551;176;4.0
551;362;23.0
551;364;7.333333333333333
551;786;5.333333333333333
551;703;15.0
551;724;5.0
176;786;4.0
176;273;14.0
176;530;14.0
176;232;15.0
273;632;17.0
273;362;6.0
273;656;3.4
273;693;21.0
273;799;3.6666666666666665
633;379;13.0
633;988;18.0
530;32;20.0
530;105;13.0
530;364;18.0
530;703;12.0
32;511;21.0
32;817;19.0
32;229;6.333333333333333
32;523;6.0
32;900;22.0
32;938;6.333333333333333
32;364;7.333333333333333
724;112;12.0
724;353;5.333333333333333
724;656;5.333333333333333
17;835;18.0
17;163;20.0
17;582;6.0
17;20;19.0
17;821;18.0
17;71;18.0
17;446;19.0
17;426;6.666666666666667
17;542;21.0
17;791;19.0
17;937;22.0
17;715;19.0
17;92;18.0
835;378;11.0
835;596;12.0
163;470;14.0
163;582;15.0
163;783;16.0
163;715;15.0
163;482;16.0
582;200;16.0
582;426;5.0
582;924;12.0
582;856;17.0
20;783;16.0
20;482;14.0
20;204;14.0
20;208;14.0
20;426;15.0
20;235;13.0
821;49;11.0
821;79;10.0
821;213;15.0
821;385;13.0
71;29;16.0
71;302;13.0
71;79;10.0
446;92;12.0
446;180;15.0
446;203;14.0
446;204;14.0
446;223;16.0
426;150;17.0
426;213;6.0
426;901;12.0
426;963;17.0
426;470;15.0
426;636;5.666666666666667
542;159;22.0
542;190;16.0
542;264;4.0
542;394;4.333333333333333
542;487;4.0
542;721;12.0
542;894;3.0
791;79;11.0
791;203;13.0
791;213;15.0
791;636;14.0
937;203;16.0
937;213;6.0
937;235;3.25
937;302;5.333333333333333
937;470;15.0
937;623;16.0
937;644;5.666666666666667
715;208;14.0
715;224;12.0
715;235;12.0
715;644;15.0
92;242;13.0
92;339;14.0
92;645;20.0
92;121;11.0
138;119;6.0
138;726;26.0
138;267;6.666666666666667
138;858;6.0
138;250;8.0
138;625;3.4
138;160;19.0
138;670;8.0
138;191;23.0
138;735;19.0
735;250;6.0
735;360;3.0
735;571;18.0
735;623;14.0
975;22;18.0
975;211;17.0
975;495;6.0
975;499;6.333333333333333
975;578;19.0
975;606;15.0
975;992;13.0
670;26;22.0
670;160;6.333333333333333
670;292;7.333333333333333
670;320;31.0
670;403;6.666666666666667
670;490;19.0
670;592;22.0
670;641;6.0
19;772;7.0
19;778;7.666666666666667
19;781;5.666666666666667
19;906;7.0
19;871;5.666666666666667
19;207;7.0
19;599;2.769230769230769
19;642;7.333333333333333
19;19;1.0769230769230769
19;357;21.0
19;662;8.666666666666666
19;727;6.666666666666667
19;984;7.0
19;343;5.666666666666667
772;41;26.0
772;66;17.0
772;116;6.333333333333333
772;194;20.0
772;234;17.0
772;424;17.0
772;507;5.333333333333333
772;599;7.6
778;41;9.666666666666666
778;66;6.666666666666667
778;73;6.333333333333333
778;129;7.0
778;286;6.666666666666667
778;350;6.666666666666667
778;422;20.0
778;505;5.666666666666667
778;566;28.0
778;599;3.9
778;642;7.333333333333333
778;662;9.333333333333334
781;194;16.0
781;487;10.0
781;507;4.333333333333333
781;599;9.25
906;41;8.666666666666666
906;66;5.666666666666667
906;116;6.333333333333333
906;147;6.333333333333333
906;199;5.666666666666667
906;465;4.666666666666667
906;471;5.333333333333333
906;599;3.1818181818181817
906;662;8.0
871;350;14.0
871;452;17.0
871;514;5.0
871;599;9.25
207;41;9.0
207;73;18.0
207;116;6.333333333333333
207;147;6.0
207;199;6.333333333333333
207;662;8.666666666666666
207;599;3.7
207;984;6.0
207;728;5.0
207;238;18.0
599;41;3.0
599;52;7.8
599;66;5.142857142857143
599;116;3.0
599;129;3.8
599;144;41.0
599;147;4.333333333333333
599;199;4.111111111111111
599;258;5.285714285714286
599;286;6.166666666666667
599;343;9.25
599;385;43.0
599;465;5.142857142857143
599;471;4.5
599;497;41.0
599;505;5.0
599;507;4.625
599;514;4.875
599;587;45.0
599;748;6.0
599;642;2.5714285714285716
599;662;2.2941176470588234
599;727;4.111111111111111
599;599;1.1666666666666667
599;728;6.0
599;984;3.7
599;974;5.142857142857143
599;856;44.0
642;41;8.666666666666666
642;66;6.666666666666667
642;116;7.333333333333333
642;147;7.333333333333333
642;199;7.333333333333333
642;258;7.0
642;288;34.0
642;974;6.0
642;727;6.333333333333333
642;642;1.0714285714285714
642;662;9.333333333333334
642;984;7.0
357;45;14.0
357;266;11.333333333333334
357;768;14.0
357;769;14.0
357;779;26.0
357;868;6.333333333333333
357;496;3.25
662;52;7.666666666666667
662;116;9.0
662;129;9.333333333333334
662;147;9.0
662;194;28.0
662;204;27.0
662;343;8.0
662;350;25.0
662;465;8.0
662;471;9.0
662;507;9.0
662;728;7.333333333333333
662;727;8.333333333333334
727;41;9.333333333333334
727;129;6.333333333333333
727;194;20.0
727;258;5.666666666666667
727;514;6.333333333333333
727;528;21.0
984;116;6.666666666666667
984;129;7.0
984;147;6.666666666666667
984;194;22.0
984;369;19.0
984;471;6.333333333333333
984;505;5.0
343;41;26.0
343;656;18.0
343;537;14.0
783;29;20.0
783;242;15.0
783;282;15.0
783;300;33.0
783;470;14.0
783;653;31.0
482;203;14.0
482;848;11.0
482;636;16.0
482;754;17.0
204;590;17.0
204;963;15.0
204;470;13.0
204;409;17.0
208;820;13.0
208;847;15.0
208;696;11.0
208;755;10.0
235;644;4.333333333333333
235;911;14.0
205;175;30.0
205;412;16.0
205;299;3.25
205;445;21.0
205;327;26.0
205;730;4.75
317;268;15.0
317;558;14.0
317;562;4.666666666666667
317;814;4.333333333333333
317;754;17.0
412;175;10.0
412;244;16.0
412;269;19.0
412;406;5.0
412;938;18.0
412;973;5.333333333333333
412;852;22.0
943;175;26.0
183;175;9.0
183;177;14.0
183;406;5.333333333333333
183;451;17.0
730;72;19.0
730;177;22.0
730;240;6.333333333333333
730;244;21.0
730;299;4.5
730;311;7.0
730;356;23.0
730;566;27.0
730;595;22.0
730;626;6.333333333333333
22;556;16.0
22;878;3.5
22;621;16.0
22;142;18.0
22;557;26.0
22;152;4.666666666666667
22;174;5.666666666666667
556;313;2.75
556;492;2.6
556;879;3.6666666666666665
556;561;3.0
878;87;19.0
878;142;4.25
878;149;2.4
878;152;2.4
878;174;3.75
878;297;4.5
878;421;2.3333333333333335
621;142;17.0
621;297;5.0
621;837;14.0
621;682;12.0
621;815;3.6666666666666665
621;829;12.0
621;862;15.0
142;423;25.0
142;682;17.0
142;149;5.666666666666667
142;829;5.0
142;925;20.0
142;297;6.333333333333333
142;174;6.333333333333333
557;133;30.0
557;388;8.0
557;393;7.666666666666667
557;400;8.666666666666666
557;445;31.0
557;522;3.142857142857143
557;557;1.3846153846153846
557;659;6.0
557;780;8.333333333333334
557;799;22.0
152;149;4.0
152;750;10.0
152;152;1.4
152;421;4.0
152;862;12.0
174;26;20.0
174;149;5.0
174;174;1.5
174;421;5.666666666666667
174;698;13.0
174;862;5.0
23;93;19.0
23;112;6.0
23;159;1.5
23;996;6.333333333333333
23;39;6.0
23;61;6.0
23;677;5.0
23;498;5.333333333333333
23;954;5.333333333333333
23;278;5.666666666666667
23;306;4.0
23;35;5.666666666666667
23;193;28.0
23;789;5.666666666666667
93;61;17.0
93;68;19.0
93;528;19.0
93;789;14.0
93;330;15.0
93;498;12.0
93;139;32.0
112;61;5.333333333333333
112;159;3.6
112;789;4.666666666666667
112;659;19.0
112;594;13.0
159;35;3.0
159;39;1.8888888888888888
159;61;2.0
159;278;2.4285714285714284
159;789;2.125
159;306;2.8333333333333335
159;996;2.0
159;954;3.0
159;330;2.5714285714285716
159;159;1.1538461538461537
159;498;3.4
159;851;20.0
996;35;5.333333333333333
996;39;5.333333333333333
996;61;5.333333333333333
996;278;5.0
996;306;4.666666666666667
996;330;5.666666666666667
996;963;19.0
996;988;24.0
39;789;5.0
39;306;4.333333333333333
39;61;5.333333333333333
39;330;5.0
39;498;4.333333333333333
39;413;22.0
61;306;4.666666666666667
61;278;5.333333333333333
61;330;5.333333333333333
61;800;26.0
61;441;21.0
677;35;10.0
677;306;3.0
498;285;12.0
498;789;3.6666666666666665
954;35;3.3333333333333335
954;330;4.0
278;35;4.333333333333333
278;118;29.0
278;789;5.0
306;628;15.0
35;35;1.5
35;640;17.0
193;69;26.0
193;109;20.0
193;648;20.0
193;654;15.0
193;352;51.0
193;840;20.0
193;598;6.666666666666667
193;274;6.333333333333333
193;653;6.2
193;988;27.0
193;468;19.0
193;299;21.0
193;656;26.0
789;169;17.0
789;330;5.0
450;42;51.0
450;59;51.0
450;96;48.0
450;122;47.0
450;169;11.75
450;187;55.0
450;291;16.0
450;300;53.0
450;301;11.5
450;319;12.0
450;349;48.0
450;366;49.0
450;375;8.0
450;376;16.333333333333332
450;399;50.0
450;409;48.0
450;411;12.0
450;416;16.0
450;668;15.333333333333334
450;816;15.0
450;664;18.333333333333332
450;540;16.333333333333332
450;909;15.666666666666666
450;466;47.0
450;615;8.5
450;493;47.0
450;563;16.333333333333332
450;940;48.0
450;673;50.0
450;997;15.0
450;500;15.666666666666666
450;736;47.0
450;541;50.0
450;883;15.333333333333334
450;988;12.75
450;571;16.333333333333332
450;497;16.0
450;450;1.875
450;892;15.0
450;602;55.0
450;630;53.0
450;686;48.0
450;979;50.0
269;26;5.0
269;712;13.0
269;458;4.333333333333333
269;971;4.666666666666667
269;773;4.0
269;660;3.75
269;474;4.333333333333333
82;712;9.0
82;144;11.0
82;82;5.0
82;120;10.0
971;91;15.0
971;144;12.0
971;458;14.0
971;492;16.0
880;660;10.0
981;270;5.0
981;288;8.0
981;427;5.0
981;957;12.0
981;983;11.0
474;26;3.5
474;91;4.0
474;311;18.0
474;458;4.666666666666667
474;660;3.75
474;474;1.1111111111111112
474;936;2.75
474;773;4.0
936;91;4.333333333333333
936;186;12.0
25;769;14.0
25;513;14.0
25;266;11.0
25;779;25.0
25;244;16.0
25;27;16.0
25;868;19.0
25;870;4.333333333333333
769;151;13.0
769;266;33.0
769;398;21.0
769;422;13.0
769;617;14.0
513;44;19.0
513;67;17.0
513;266;36.0
513;363;5.0
513;513;3.3333333333333335
513;868;19.0
513;651;14.0
513;913;18.0
513;779;8.0
266;27;36.0
266;53;8.5
266;76;40.0
266;95;42.0
266;101;36.0
266;151;11.333333333333334
266;189;33.0
266;220;11.666666666666666
266;253;8.25
266;870;8.25
266;496;8.5
266;928;8.5
266;985;11.666666666666666
266;779;38.0
266;370;35.0
266;651;11.333333333333334
266;290;11.333333333333334
266;266;2.2857142857142856
266;868;35.0
266;407;35.0
266;617;35.0
266;634;35.0
266;383;36.0
266;768;34.0
266;422;11.666666666666666
266;987;37.0
779;28;29.0
779;44;8.333333333333334
779;53;5.5
779;101;23.0
779;151;7.666666666666667
779;189;22.0
779;220;8.0
779;290;27.0
779;363;6.0
779;370;8.333333333333334
779;398;4.666666666666667
779;407;8.0
779;541;32.0
779;586;45.0
779;634;23.0
244;100;15.0
244;445;22.0
244;852;21.0
27;618;19.0
27;651;14.0
27;253;15.0
27;363;16.0
27;383;19.0
868;44;6.666666666666667
868;253;18.0
868;290;20.0
868;370;6.0
868;383;6.666666666666667
868;398;4.8
868;496;5.666666666666667
868;617;20.0
870;164;17.0
870;253;4.0
870;290;14.0
870;383;16.0
26;773;2.4
26;144;4.666666666666667
26;458;3.5
26;91;3.2
26;331;22.0
773;42;16.0
773;458;4.333333333333333
773;499;17.0
144;91;4.666666666666667
144;458;14.0
144;144;2.6666666666666665
144;840;13.0
458;46;19.0
458;91;5.0
458;660;4.0
458;712;13.0
91;56;16.0
91;712;14.0
91;654;48.0
331;50;22.0
331;139;10.666666666666666
331;324;20.0
331;339;21.0
331;455;6.333333333333333
331;473;19.0
331;460;28.0
331;332;5.5
331;347;19.0
618;87;20.0
618;117;16.0
618;457;18.0
618;590;20.0
618;728;16.0
618;925;17.0
618;991;15.0
618;843;15.0
651;422;4.0
651;659;18.0
651;687;10.0
253;44;18.0
253;407;4.333333333333333
253;928;3.0
363;150;15.0
363;283;14.0
363;398;6.666666666666667
363;965;12.0
383;44;6.0
383;53;17.0
383;370;5.333333333333333
383;634;15.0
383;398;4.4
383;567;21.0
383;907;18.0
28;512;17.0
28;134;6.0
28;907;16.0
28;167;17.0
28;800;22.0
28;182;24.0
512;133;6.333333333333333
512;263;30.0
512;477;6.0
512;640;16.0
512;705;14.0
512;800;20.0
134;133;21.0
134;640;19.0
134;966;24.0
134;804;15.0
134;182;23.0
134;202;5.0
134;477;20.0
907;182;7.666666666666667
907;280;4.0
907;640;16.0
167;132;6.0
167;945;13.0
167;809;4.333333333333333
800;133;7.666666666666667
800;154;32.0
800;182;9.0
800;250;28.0
800;251;19.0
800;316;3.4
800;395;21.0
800;431;20.0
800;510;20.0
800;640;7.0
182;133;24.0
182;397;27.0
182;395;24.0
182;533;8.0
182;280;7.0
182;251;22.0
182;756;21.0
182;316;5.0
182;965;23.0
182;202;23.0
182;477;26.0
29;822;15.0
29;379;19.0
29;644;4.5
29;924;5.0
29;607;5.333333333333333
29;72;17.0
29;391;29.0
822;143;3.3333333333333335
822;443;11.0
822;576;3.6666666666666665
379;732;15.0
379;654;43.0
379;946;12.0
379;717;4.0
379;595;5.333333333333333
379;759;13.0
644;83;17.0
644;514;20.0
644;607;4.666666666666667
644;924;4.333333333333333
924;385;14.0
607;226;13.0
607;302;14.0
607;738;9.0
607;623;13.0
72;162;22.0
72;445;19.0
391;98;5.75
391;171;4.333333333333333
391;231;7.333333333333333
391;236;5.75
391;245;7.666666666666667
391;281;4.0
391;286;27.0
391;326;6.0
391;380;5.5
391;961;7.0
391;782;7.0
391;464;4.8
391;639;6.0
391;432;3.6666666666666665
391;739;3.2857142857142856
391;856;3.2857142857142856
391;861;7.0
30;30;4.0
30;568;6.0
30;460;20.0
568;568;5.0
460;56;22.0
460;184;7.25
460;185;7.0
460;314;8.333333333333334
460;324;25.0
460;347;22.0
460;898;23.0
460;567;25.0
460;702;4.2
460;460;2.5714285714285716
460;630;8.333333333333334
460;696;21.0
673;108;5.0
673;187;11.0
673;366;22.0
673;376;21.0
673;424;17.0
673;632;18.0
673;646;16.0
667;175;9.666666666666666
667;201;19.0
667;240;16.0
667;406;4.75
667;626;4.666666666666667
445;175;8.5
445;311;23.0
445;328;21.0
445;931;20.0
445;973;5.0
445;869;20.0
445;939;5.666666666666667
973;100;4.333333333333333
973;175;7.0
973;406;2.6666666666666665
973;566;7.333333333333333
973;978;24.0
973;973;1.125
852;156;22.0
852;162;8.666666666666666
852;175;34.0
852;177;21.0
852;201;7.666666666666667
852;267;22.0
852;356;22.0
852;367;19.0
852;566;27.0
356;57;18.0
356;175;32.0
356;857;14.0
511;326;16.0
511;353;6.0
511;523;13.0
511;786;14.0
511;949;4.333333333333333
817;166;12.0
817;352;49.0
817;562;11.0
229;901;9.0
229;938;3.6666666666666665
229;362;5.333333333333333
523;494;14.0
523;938;15.0
900;171;18.0
900;195;5.0
900;245;13.0
900;354;4.0
900;432;15.0
900;452;6.0
938;346;19.0
938;362;6.0
938;364;19.0
364;46;20.0
364;53;20.0
364;353;22.0
364;753;20.0
364;993;15.0
364;589;36.0
33;116;22.0
33;535;10.0
33;212;18.0
33;930;15.0
33;970;19.0
33;933;17.0
33;978;4.6
116;41;9.0
116;52;6.0
116;514;7.333333333333333
116;286;6.333333333333333
535;155;31.0
535;212;30.0
535;239;8.0
535;285;26.0
535;300;46.0
535;435;29.0
535;444;7.0
535;472;9.333333333333334
535;520;29.0
535;705;28.0
535;926;30.0
535;927;9.333333333333334
535;690;8.0
535;827;27.0
535;758;29.0
535;857;27.0
535;978;7.0
535;586;48.0
212;419;14.0
212;734;15.0
212;714;19.0
212;242;17.0
930;429;13.0
930;444;16.0
930;453;15.0
970;117;15.0
970;265;19.0
970;457;17.0
970;495;18.0
970;514;20.0
970;533;18.0
970;590;19.0
933;44;19.0
933;435;5.333333333333333
933;442;15.0
933;586;33.0
933;589;32.0
978;89;23.0
978;110;23.0
978;171;28.0
978;239;7.333333333333333
978;243;8.0
978;271;25.0
978;378;22.0
978;453;8.0
978;472;5.25
565;186;15.0
565;526;18.0
565;959;15.0
877;87;3.8
877;111;4.75
877;155;21.0
877;214;2.6666666666666665
877;485;4.0
877;545;25.0
877;554;4.25
877;605;2.8333333333333335
877;611;5.666666666666667
877;652;3.0
640;316;4.333333333333333
640;395;18.0
640;976;13.0
640;804;15.0
36;388;6.0
36;393;6.0
36;780;21.0
36;114;17.0
388;73;19.0
388;81;17.0
388;631;5.0
388;780;19.0
388;812;15.0
393;129;24.0
393;764;15.0
393;631;5.666666666666667
393;659;7.0
393;427;28.0
780;81;6.0
780;114;21.0
780;126;6.0
780;236;19.0
780;431;17.0
780;522;5.0
780;638;7.0
780;659;7.0
114;400;20.0
114;588;20.0
37;588;16.0
37;217;5.333333333333333
37;979;14.0
37;103;13.0
37;754;20.0
37;695;17.0
37;62;5.666666666666667
37;191;5.666666666666667
37;833;3.2
37;851;14.0
588;62;6.333333333333333
588;88;14.0
588;217;5.666666666666667
588;475;5.0
588;517;3.2
588;695;4.666666666666667
217;62;6.666666666666667
217;88;16.0
217;103;4.666666666666667
217;191;19.0
217;196;31.0
217;851;5.333333333333333
217;217;1.4
217;979;5.0
217;833;3.4
217;517;2.8333333333333335
217;475;6.666666666666667
217;678;20.0
979;62;5.666666666666667
979;88;13.0
979;517;3.5
103;62;17.0
103;88;3.6666666666666665
103;475;3.25
754;58;5.0
754;146;4.666666666666667
754;179;18.0
754;257;6.666666666666667
754;268;5.333333333333333
754;329;17.0
754;360;17.0
695;62;6.333333333333333
695;88;5.0
695;175;33.0
695;226;4.666666666666667
695;234;17.0
695;382;3.0
695;475;2.5
62;833;3.1666666666666665
62;517;2.5714285714285716
62;226;6.333333333333333
62;382;5.666666666666667
62;851;5.333333333333333
62;62;1.25
62;74;6.0
62;243;23.0
191;517;5.666666666666667
191;226;5.0
191;382;14.0
191;484;19.0
191;833;2.8
191;369;17.0
833;88;16.0
833;220;16.0
833;226;3.5
833;452;21.0
833;517;3.2
851;74;3.6666666666666665
851;517;2.6
97;672;15.0
97;960;4.666666666666667
97;843;13.0
97;732;15.0
97;499;17.0
97;766;14.0
97;495;5.333333333333333
175;100;9.333333333333334
175;156;32.0
175;857;28.0
175;406;3.2222222222222223
175;626;9.0
175;939;9.0
175;831;9.0
175;177;10.333333333333334
175;805;28.0
175;798;7.0
175;322;33.0
566;162;30.0
566;177;22.0
566;328;22.0
566;334;31.0
566;406;6.25
566;939;19.0
566;931;21.0
477;251;4.666666666666667
477;905;18.0
477;804;5.0
477;982;18.0
477;533;5.666666666666667
330;330;1.4285714285714286
330;587;20.0
330;711;16.0
413;165;19.0
413;168;7.0
413;310;6.333333333333333
413;336;12.666666666666666
413;373;15.0
413;792;17.0
413;440;22.0
413;423;21.0
413;680;3.2
413;956;19.0
413;935;18.0
40;315;16.0
40;395;15.0
40;804;12.0
40;345;12.0
315;77;19.0
315;221;22.0
315;768;18.0
315;952;17.0
315;758;17.0
315;955;14.0
315;867;14.0
315;964;17.0
315;351;20.0
395;133;6.666666666666667
395;367;16.0
395;756;4.0
395;510;4.666666666666667
395;533;5.666666666666667
804;202;14.0
804;533;4.666666666666667
345;70;16.0
345;340;13.0
345;653;6.75
345;654;14.0
345;684;13.0
345;352;16.333333333333332
41;41;1.4666666666666666
41;507;9.0
41;748;4.8
41;258;8.666666666666666
41;286;24.0
41;974;8.333333333333334
41;199;8.666666666666666
41;73;26.0
41;147;9.0
41;66;8.0
41;202;29.0
41;143;28.0
507;73;17.0
507;303;16.0
507;465;4.666666666666667
507;514;6.333333333333333
748;66;2.6
748;258;3.5
748;471;3.25
748;500;11.0
258;350;19.0
258;465;5.333333333333333
258;505;5.0
258;401;17.0
258;286;17.0
286;147;6.333333333333333
286;199;5.666666666666667
286;635;16.0
974;66;4.333333333333333
974;129;6.0
974;399;17.0
974;471;4.666666666666667
974;974;1.1428571428571428
199;194;21.0
199;505;5.0
199;854;15.0
199;465;5.0
73;147;6.0
73;194;6.333333333333333
73;129;20.0
73;350;3.0
147;350;6.333333333333333
147;233;21.0
147;291;22.0
66;471;5.0
66;340;16.0
202;280;13.0
202;441;18.0
143;63;3.6666666666666665
143;95;5.333333333333333
143;576;2.4
143;915;3.3333333333333335
143;143;1.1428571428571428
143;825;2.0
42;664;27.0
42;416;18.0
42;674;17.0
42;997;16.0
42;327;25.0
42;425;20.0
664;107;24.0
664;108;25.0
664;122;25.0
664;171;31.0
664;263;41.0
664;309;27.0
664;327;31.0
664;340;24.0
664;366;31.0
664;375;5.0
664;396;29.0
664;411;26.0
664;424;26.0
664;541;9.333333333333334
664;571;28.0
664;632;8.666666666666666
416;291;19.0
416;300;32.0
416;327;26.0
416;375;6.0
416;411;17.0
416;668;18.0
416;813;14.0
416;514;21.0
674;187;33.0
674;291;16.0
674;327;23.0
674;375;5.333333333333333
674;399;16.0
674;571;17.0
674;632;5.0
997;169;14.0
997;187;33.0
997;366;20.0
997;500;3.6666666666666665
997;563;24.0
327;96;8.0
327;340;23.0
327;376;9.666666666666666
327;411;25.0
327;497;7.666666666666667
327;563;32.0
327;940;23.0
327;571;25.0
327;632;25.0
327;615;5.6
327;694;21.0
327;404;25.0
425;157;18.0
425;172;30.0
425;263;9.0
425;284;16.0
425;289;5.666666666666667
425;312;15.0
425;455;17.0
425;950;14.0
425;608;4.25
43;649;4.333333333333333
43;803;12.0
43;188;18.0
43;173;15.0
43;731;8.0
43;118;8.333333333333334
43;601;13.0
649;118;6.25
649;509;4.666666666666667
649;619;13.0
649;752;14.0
649;910;14.0
649;947;3.25
803;106;6.666666666666667
803;118;27.0
803;188;17.0
803;387;5.333333333333333
803;440;19.0
803;528;18.0
188;106;22.0
188;128;23.0
188;140;20.0
188;277;21.0
188;619;17.0
188;753;20.0
188;400;24.0
188;629;19.0
188;374;20.0
173;80;19.0
173;118;8.666666666666666
173;128;20.0
173;140;17.0
173;802;5.333333333333333
173;510;15.0
173;629;17.0
173;189;13.0
118;80;9.0
118;277;9.333333333333334
118;355;4.5
118;521;6.5
118;396;9.333333333333334
118;886;8.333333333333334
118;802;5.2
118;509;9.333333333333334
118;374;9.333333333333334
118;762;6.25
118;128;9.0
118;947;4.8
118;753;26.0
118;429;8.0
118;571;32.0
118;999;29.0
601;68;16.0
601;710;11.0
44;398;3.0
44;53;17.0
44;370;5.666666666666667
44;634;16.0
44;422;19.0
44;44;1.8571428571428572
44;101;5.666666666666667
398;101;6.666666666666667
398;370;2.125
398;520;24.0
398;768;6.666666666666667
398;407;7.0
398;415;24.0
398;985;19.0
53;151;3.25
53;220;3.25
53;53;1.8
53;101;13.0
370;768;4.666666666666667
370;758;16.0
634;687;10.0
634;988;19.0
422;336;41.0
101;708;11.0
101;617;15.0
45;697;3.0
45;561;2.1666666666666665
45;313;3.6666666666666665
45;221;5.0
45;770;2.6666666666666665
697;198;12.0
697;221;4.0
697;492;4.0
697;561;2.6
561;221;3.0
561;313;3.5
561;492;3.2
561;561;1.3333333333333333
561;879;3.5
561;770;4.333333333333333
561;729;19.0
313;313;1.4
313;455;13.0
313;492;4.333333333333333
313;404;13.0
221;198;5.0
221;336;45.0
221;694;14.0
221;879;4.666666666666667
221;221;1.5
221;492;5.666666666666667
770;198;11.0
46;656;6.666666666666667
46;786;4.666666666666667
46;703;13.0
656;353;3.3333333333333335
656;362;3.3333333333333335
656;799;2.8
656;949;4.0
703;353;16.0
47;518;2.8
47;275;4.666666666666667
47;57;5.0
47;913;3.5
47;47;1.6666666666666667
47;503;3.3333333333333335
47;758;16.0
47;437;14.0
47;691;17.0
518;78;2.6
518;200;3.5
518;275;2.1666666666666665
518;503;2.0
518;617;16.0
518;910;3.25
518;518;1.125
518;913;2.8
275;57;14.0
275;78;4.333333333333333
275;200;4.333333333333333
275;503;3.6666666666666665
275;437;13.0
275;275;1.6666666666666667
275;436;13.0
275;774;16.0
57;78;4.666666666666667
57;913;3.75
57;200;15.0
57;332;19.0
913;78;3.5
913;326;17.0
913;436;14.0
913;437;14.0
913;503;3.6666666666666665
503;437;10.0
758;344;12.0
758;351;20.0
758;397;17.0
437;78;4.333333333333333
437;200;4.666666666666667
437;910;3.25
437;684;14.0
691;81;17.0
691;257;5.666666666666667
691;271;5.0
691;329;15.0
691;369;5.0
48;627;3.3333333333333335
48;604;3.6666666666666665
48;964;13.0
627;54;14.0
627;604;3.3333333333333335
627;657;15.0
627;918;13.0
604;77;14.0
604;351;19.0
604;451;17.0
604;520;16.0
964;54;15.0
964;351;6.0
964;451;18.0
964;577;15.0
964;657;5.333333333333333
49;385;14.0
49;623;14.0
49;49;8.0
49;988;20.0
49;242;12.0
385;203;16.0
385;242;15.0
385;339;16.0
385;963;16.0
385;846;11.0
623;701;24.0
623;636;16.0
988;96;19.0
988;169;4.75
988;187;38.0
988;300;11.333333333333334
988;301;3.4
988;540;21.0
242;898;13.0
50;139;9.0
50;622;16.0
50;999;5.333333333333333
50;872;15.0
50;888;3.0
50;858;17.0
50;593;8.0
139;240;31.0
139;898;28.0
139;332;3.111111111111111
139;888;5.4
139;999;28.0
139;622;8.666666666666666
139;314;9.666666666666666
139;324;29.0
139;872;8.333333333333334
139;323;32.0
139;347;9.666666666666666
139;702;26.0
139;223;10.0
139;185;28.0
139;447;30.0
139;184;10.666666666666666
622;184;7.0
622;255;12.0
622;324;5.0
999;184;22.0
999;314;5.333333333333333
999;567;5.333333333333333
999;593;3.8
872;184;21.0
872;324;4.666666666666667
872;347;3.0
888;168;18.0
888;332;4.0
888;455;4.333333333333333
858;160;14.0
858;292;6.0
593;314;4.4
593;323;6.0
593;324;4.4
593;347;7.333333333333333
593;404;21.0
593;455;21.0
593;473;4.75
593;567;5.5
593;694;17.0
593;898;6.333333333333333
593;593;1.5
593;714;23.0
641;160;3.75
641;267;16.0
641;292;19.0
641;309;18.0
641;403;15.0
641;899;15.0
160;538;20.0
160;250;20.0
775;67;19.0
775;172;32.0
775;196;29.0
775;335;16.0
775;408;5.0
775;534;16.0
775;544;6.0
775;608;20.0
775;612;15.0
775;635;5.666666666666667
490;250;19.0
490;267;15.0
490;899;14.0
490;490;8.0
490;767;12.0
250;180;21.0
250;403;22.0
250;625;4.25
250;360;4.5
250;292;25.0
250;840;19.0
52;728;4.0
52;194;17.0
52;350;15.0
52;135;18.0
728;129;5.333333333333333
194;341;19.0
194;350;5.666666666666667
194;838;15.0
350;710;14.0
135;111;5.333333333333333
135;767;13.0
135;485;14.0
135;214;16.0
135;652;2.6666666666666665
135;918;15.0
135;554;4.333333333333333
135;959;4.666666666666667
135;230;5.666666666666667
151;75;19.0
151;407;13.0
151;320;25.0
220;156;17.0
220;928;13.0
220;272;23.0
54;597;15.0
54;344;14.0
54;491;16.0
54;117;15.0
54;577;16.0
54;77;16.0
54;268;17.0
597;897;12.0
597;952;13.0
597;743;10.0
597;692;9.0
597;684;12.0
344;463;13.0
344;957;11.0
344;969;12.0
491;246;13.0
491;310;17.0
491;351;20.0
491;743;11.0
491;628;15.0
117;960;14.0
117;117;7.0
117;645;20.0
117;620;11.0
577;77;3.5
577;148;16.0
577;185;14.0
577;359;4.333333333333333
577;897;4.666666666666667
577;952;16.0
577;957;15.0
577;577;2.5
77;965;13.0
77;359;4.0
77;897;4.333333333333333
77;265;20.0
268;58;4.333333333333333
268;319;19.0
268;853;13.0
268;271;16.0
268;766;14.0
181;60;13.0
181;68;19.0
181;321;4.333333333333333
181;265;20.0
181;190;5.0
181;710;12.0
693;64;19.0
693;76;7.0
693;184;30.0
693;190;6.333333333333333
693;321;19.0
693;325;19.0
693;484;5.25
693;501;5.0
693;646;18.0
987;233;4.666666666666667
987;464;15.0
834;573;14.0
834;645;19.0
187;108;10.666666666666666
187;122;33.0
187;481;35.0
187;932;37.0
187;540;34.0
187;571;35.0
187;309;11.333333333333334
187;399;11.0
187;493;32.0
187;892;31.0
187;319;35.0
187;668;33.0
187;615;7.4
187;934;31.0
187;300;14.0
187;793;5.5
187;291;11.0
187;376;11.666666666666666
187;736;31.0
187;990;33.0
187;925;35.0
187;366;38.0
63;807;12.0
63;95;5.0
63;825;2.75
63;915;11.0
56;909;13.0
56;223;15.0
56;347;14.0
56;602;17.0
909;291;16.0
909;409;16.0
909;497;13.0
909;534;13.0
909;571;5.666666666666667
223;332;2.6666666666666665
223;591;13.0
347;324;3.75
347;658;17.0
602;196;8.666666666666666
602;285;17.0
602;419;5.333333333333333
602;705;16.0
602;749;17.0
602;793;20.0
78;78;1.1111111111111112
78;200;4.0
78;436;3.6666666666666665
78;910;2.0
78;655;18.0
200;200;1.4285714285714286
200;910;2.0
200;436;4.0
332;88;19.0
332;184;6.5
332;314;5.0
58;124;13.0
58;794;13.0
58;231;11.0
124;558;13.0
124;179;16.0
124;329;14.0
124;794;12.0
124;257;18.0
124;369;16.0
794;241;15.0
794;257;5.666666666666667
794;271;17.0
794;329;14.0
794;558;4.0
231;921;13.0
231;322;14.0
231;856;4.666666666666667
59;771;11.0
59;919;4.333333333333333
59;830;4.0
59;585;5.0
919;325;3.6666666666666665
919;348;3.6666666666666665
919;572;4.666666666666667
919;609;5.0
830;289;16.0
830;392;16.0
830;580;13.0
585;483;7.0
585;572;5.333333333333333
585;660;17.0
585;847;5.333333333333333
60;710;11.0
60;321;13.0
60;484;17.0
60;233;16.0
60;79;12.0
321;701;23.0
321;848;11.0
484;68;20.0
484;76;4.25
484;481;3.75
484;700;4.0
484;484;1.5714285714285714
484;802;18.0
233;190;16.0
233;646;15.0
233;701;25.0
233;764;13.0
79;686;9.0
441;288;30.0
441;922;4.333333333333333
441;820;5.0
441;838;4.333333333333333
441;723;14.0
517;74;2.8
517;879;15.0
226;475;5.0
382;74;11.0
382;475;4.666666666666667
74;496;14.0
74;473;14.0
243;70;20.0
243;196;25.0
243;926;15.0
243;749;15.0
807;95;14.0
807;238;13.0
807;439;3.0
807;443;12.0
807;576;4.333333333333333
95;684;17.0
95;443;5.333333333333333
95;439;15.0
95;825;2.8
95;470;17.0
95;918;19.0
825;443;4.0
825;576;4.333333333333333
825;638;17.0
915;439;3.0
915;443;12.0
915;576;2.75
64;646;4.0
64;701;7.333333333333333
64;210;12.0
64;449;2.1666666666666665
64;454;15.0
64;68;5.666666666666667
646;449;3.5
701;76;8.0
701;210;21.0
701;436;23.0
701;440;29.0
701;449;4.6
701;481;22.0
701;563;35.0
210;405;11.0
449;68;4.5
449;76;5.666666666666667
449;831;13.0
454;320;6.666666666666667
454;951;12.0
454;966;18.0
454;865;6.0
68;501;14.0
68;663;25.0
820;265;18.0
820;483;6.0
922;476;12.0
922;483;5.666666666666667
613;427;24.0
613;506;4.333333333333333
613;579;13.0
613;802;16.0
613;744;4.666666666666667
953;334;23.0
953;506;4.0
992;196;22.0
847;325;4.333333333333333
847;348;4.333333333333333
847;579;14.0
847;609;5.0
744;323;18.0
755;472;10.0
609;483;7.0
609;609;1.1111111111111112
483;713;19.0
483;723;18.0
483;538;25.0
483;506;6.333333333333333
483;990;19.0
572;886;14.0
572;615;21.0
506;756;10.0
122;563;24.0
122;319;16.0
122;366;20.0
122;961;12.0
320;86;23.0
320;125;7.666666666666667
320;272;9.333333333333334
320;951;7.0
320;538;8.333333333333334
320;392;7.333333333333333
320;966;8.666666666666666
320;865;5.0
471;514;6.333333333333333
340;102;12.0
340;540;16.0
67;169;16.0
67;903;16.0
67;549;15.0
67;678;4.666666666666667
67;289;18.0
67;589;10.0
169;301;4.333333333333333
169;376;21.0
903;104;13.0
903;172;10.0
903;263;9.0
903;305;22.0
903;312;13.0
903;408;3.6
903;434;15.0
903;589;9.666666666666666
549;137;17.0
549;172;32.0
549;376;22.0
549;508;13.0
549;610;15.0
549;589;32.0
549;998;13.0
678;172;7.5
678;508;4.0
678;564;2.75
678;589;7.5
678;610;14.0
289;172;10.666666666666666
289;284;17.0
289;531;6.0
289;983;15.0
289;610;17.0
289;889;3.2
289;608;4.25
589;104;9.333333333333334
589;157;10.0
589;263;11.666666666666666
589;284;10.666666666666666
589;312;9.666666666666666
589;322;34.0
589;335;30.0
589;353;36.0
589;408;4.428571428571429
589;486;9.0
589;531;10.333333333333334
589;544;10.0
589;564;7.0
589;889;6.2
589;608;8.0
589;916;9.666666666666666
589;994;28.0
589;896;5.6
589;589;1.368421052631579
589;635;7.25
501;190;3.3333333333333335
501;501;1.3333333333333333
663;110;5.666666666666667
663;161;21.0
663;186;20.0
663;550;5.25
663;580;5.666666666666667
663;655;6.666666666666667
69;653;3.75
69;145;8.333333333333334
69;525;7.0
69;410;7.333333333333333
69;109;21.0
69;123;23.0
69;628;7.0
69;654;15.333333333333334
69;711;6.666666666666667
69;737;19.0
69;281;25.0
69;352;50.0
69;177;26.0
653;75;6.2
653;145;4.0
653;274;5.4
653;319;33.0
653;352;2.823529411764706
653;404;5.2
653;410;3.857142857142857
653;525;3.857142857142857
653;598;4.5
653;628;4.333333333333333
653;969;5.2
653;977;9.666666666666666
653;845;8.666666666666666
653;654;2.4444444444444446
653;741;5.4
653;911;5.4
653;850;8.333333333333334
653;711;5.2
145;123;22.0
145;614;20.0
145;409;26.0
145;654;15.333333333333334
145;248;20.0
145;759;20.0
145;560;20.0
145;628;7.0
145;711;6.666666666666667
145;774;21.0
145;404;6.666666666666667
145;281;25.0
145;352;16.666666666666668
145;546;23.0
525;109;16.0
525;305;23.0
525;352;16.0
525;410;5.333333333333333
525;624;16.0
525;854;13.0
525;654;13.666666666666666
525;911;5.0
410;70;18.0
410;302;18.0
410;346;18.0
410;352;16.0
410;374;20.0
410;654;13.666666666666666
410;741;5.0
109;70;17.0
109;75;5.666666666666667
109;654;13.333333333333334
109;946;3.0
109;467;3.5
109;352;11.5
123;560;14.0
123;352;48.0
123;123;10.0
123;741;16.0
123;717;14.0
123;842;12.0
123;406;21.0
628;75;5.666666666666667
628;352;16.0
628;467;13.0
654;70;13.333333333333334
654;75;14.333333333333334
654;248;41.0
654;254;10.75
654;274;14.0
654;346;44.0
654;352;17.0
654;404;14.0
654;418;41.0
654;473;45.0
654;480;54.0
654;543;13.666666666666666
654;560;41.0
654;598;13.333333333333334
654;648;42.0
654;977;14.333333333333334
654;774;41.0
654;737;9.75
654;969;13.333333333333334
654;759;40.0
654;717;41.0
654;850;13.666666666666666
654;654;1.625
654;854;41.0
654;946;13.333333333333334
654;911;13.666666666666666
654;741;13.666666666666666
711;100;14.0
711;352;16.333333333333332
711;355;17.0
737;70;3.5
737;254;3.0
737;352;11.5
281;98;5.0
281;136;17.0
281;171;6.333333333333333
281;855;14.0
281;921;16.0
281;432;5.666666666666667
281;856;6.0
352;70;15.666666666666666
352;75;16.0
352;248;48.0
352;254;9.8
352;274;16.333333333333332
352;346;16.333333333333332
352;648;15.666666666666666
352;845;7.666666666666667
352;468;9.4
352;418;48.0
352;404;16.333333333333332
352;977;49.0
352;543;16.0
352;741;15.666666666666666
352;911;16.0
352;595;10.0
352;467;11.75
352;598;15.666666666666666
352;850;15.666666666666666
352;946;16.0
352;854;48.0
352;352;1.393939393939394
352;560;47.0
352;774;15.666666666666666
352;969;15.666666666666666
352;717;15.666666666666666
352;759;15.666666666666666
352;958;47.0
352;423;57.0
352;985;50.0
177;162;8.0
177;658;18.0
177;946;15.0
177;798;4.0
70;75;20.0
70;70;3.0
70;911;16.0
70;346;18.0
75;418;17.0
75;254;6.0
75;467;3.75
75;774;17.0
75;991;18.0
911;285;14.0
911;346;16.0
346;170;20.0
346;248;15.0
346;467;17.0
346;840;17.0
346;845;5.0
302;213;5.666666666666667
302;302;3.0
302;940;15.0
302;963;16.0
302;554;15.0
162;121;7.0
162;156;8.333333333333334
162;843;22.0
162;798;8.0
162;972;21.0
162;857;7.0
162;162;2.0
162;201;6.25
162;367;22.0
162;488;23.0
162;698;19.0
162;869;23.0
129;505;5.0
129;514;7.0
129;314;23.0
496;251;13.0
496;290;14.0
496;928;4.333333333333333
473;314;5.0
473;324;5.0
418;598;14.0
418;840;13.0
418;741;13.0
254;543;3.75
254;467;3.5
254;725;12.0
254;573;17.0
254;531;18.0
467;384;19.0
774;468;4.333333333333333
774;598;14.0
991;457;13.0
991;480;21.0
991;499;15.0
76;793;18.0
76;481;4.666666666666667
76;111;18.0
793;96;5.0
793;300;6.0
793;309;6.0
793;399;4.25
793;541;7.0
793;615;5.0
111;660;17.0
111;918;15.0
111;282;15.0
111;959;4.666666666666667
111;605;4.666666666666667
111;652;3.0
965;451;17.0
965;657;15.0
359;125;13.0
359;451;17.0
359;955;9.0
897;246;13.0
897;451;18.0
265;150;20.0
265;211;18.0
265;495;21.0
265;457;20.0
265;614;16.0
265;795;17.0
265;704;16.0
265;982;19.0
436;910;2.75
436;436;1.75
655;550;2.6666666666666665
686;213;14.0
686;459;13.0
80;528;22.0
80;947;6.0
80;429;17.0
80;277;6.333333333333333
80;374;6.666666666666667
80;140;18.0
80;942;19.0
80;355;5.0
80;595;21.0
528;140;18.0
528;170;20.0
528;396;19.0
528;945;17.0
528;619;17.0
528;802;19.0
947;106;3.8
947;128;5.666666666666667
947;277;3.2
947;387;4.0
947;509;2.8
429;277;16.0
429;802;4.666666666666667
429;753;14.0
429;429;2.6666666666666665
429;854;12.0
277;106;7.333333333333333
277;140;18.0
277;945;16.0
277;521;20.0
277;444;21.0
277;381;15.0
374;106;24.0
374;170;5.666666666666667
374;355;2.6666666666666665
374;374;1.5714285714285714
374;629;5.0
374;762;3.5
140;387;6.0
140;396;5.666666666666667
140;442;17.0
140;447;15.0
942;154;21.0
942;192;14.0
942;206;15.0
942;336;36.0
942;459;14.0
942;545;17.0
355;619;16.0
355;396;4.5
355;629;5.666666666666667
355;752;17.0
355;923;5.333333333333333
355;355;1.375
355;762;3.75
595;850;4.333333333333333
595;977;17.0
595;717;3.25
595;845;4.333333333333333
81;818;14.0
81;659;19.0
81;638;4.5
81;890;12.0
818;400;18.0
818;522;3.5
659;126;6.333333333333333
659;283;19.0
659;912;17.0
638;400;5.25
638;742;14.0
638;948;15.0
890;400;14.0
120;98;13.0
120;811;12.0
120;861;10.0
120;739;16.0
120;639;14.0
83;927;18.0
83;713;13.0
83;453;16.0
83;227;14.0
83;567;18.0
927;239;15.0
927;285;14.0
927;415;20.0
927;444;4.5
927;538;21.0
927;629;18.0
713;196;7.0
453;196;26.0
453;520;18.0
453;596;14.0
453;606;15.0
227;227;1.4
227;447;3.3333333333333335
567;184;23.0
567;323;6.666666666666667
567;567;2.75
84;682;14.0
84;788;15.0
84;790;5.333333333333333
84;358;4.0
84;371;13.0
84;729;15.0
84;745;12.0
682;297;4.666666666666667
682;421;4.666666666666667
788;130;13.0
788;334;21.0
788;386;13.0
788;431;12.0
788;502;12.0
788;584;17.0
790;130;15.0
790;247;5.0
790;255;16.0
790;358;4.666666666666667
790;371;5.0
790;372;17.0
790;386;18.0
790;427;26.0
790;592;4.25
358;305;18.0
358;476;12.0
358;989;9.0
371;334;7.0
371;729;4.0
371;855;11.0
371;592;2.6
371;492;16.0
729;334;20.0
729;386;15.0
729;502;13.0
729;584;18.0
729;592;5.0
745;334;6.0
745;337;10.0
745;594;3.0
86;239;14.0
86;272;21.0
86;153;4.666666666666667
239;520;16.0
239;285;11.0
272;102;6.666666666666667
272;125;6.666666666666667
272;153;7.666666666666667
272;509;25.0
272;620;6.333333333333333
272;430;24.0
272;392;7.666666666666667
272;526;25.0
272;272;1.5454545454545454
272;865;3.0
153;875;17.0
153;538;6.333333333333333
153;865;5.0
87;959;5.0
87;885;4.333333333333333
87;230;5.666666666666667
87;652;2.5
87;214;5.333333333333333
87;990;14.0
87;605;4.666666666666667
959;230;5.0
959;554;4.333333333333333
959;605;4.333333333333333
959;652;1.5
885;485;10.0
885;596;11.0
885;652;4.333333333333333
230;540;21.0
230;652;2.8333333333333335
230;918;17.0
230;605;5.333333333333333
230;990;4.666666666666667
230;767;4.666666666666667
230;282;3.75
230;290;20.0
652;554;2.8
652;605;2.8
652;652;1.1
214;918;4.333333333333333
214;605;4.666666666666667
214;611;3.0
214;812;13.0
214;485;4.0
990;282;3.3333333333333335
990;990;2.0
605;918;14.0
88;475;3.5
475;475;1.375
475;977;19.0
475;630;19.0
966;125;18.0
966;184;30.0
966;430;20.0
966;538;7.0
339;963;14.0
339;896;16.0
645;341;3.8
645;399;24.0
645;417;4.25
645;546;4.25
645;941;5.333333333333333
645;669;5.333333333333333
645;699;4.0
645;675;6.0
645;809;3.6
121;857;3.0
121;311;14.0
335;668;15.0
335;610;12.0
684;301;13.0
684;444;16.0
443;808;9.0
439;576;2.75
439;439;1.5
439;886;11.0
918;611;4.333333333333333
96;578;17.0
96;615;4.25
96;366;21.0
578;150;16.0
578;469;17.0
578;480;21.0
578;672;5.0
578;925;15.0
578;657;20.0
578;590;6.0
578;603;15.0
615;291;5.25
615;376;4.8
615;451;25.0
615;497;4.5
615;816;6.0
615;972;17.0
366;300;36.0
366;575;23.0
366;813;19.0
366;816;19.0
366;466;20.0
366;541;23.0
366;526;26.0
366;608;24.0
672;219;3.5
672;480;6.666666666666667
672;590;2.8
672;611;13.0
960;211;16.0
960;219;5.666666666666667
960;495;3.0
960;499;5.666666666666667
960;639;16.0
960;660;16.0
960;960;1.8
843;150;12.0
843;480;20.0
732;457;16.0
732;480;7.333333333333333
732;590;5.333333333333333
732;603;12.0
499;457;19.0
499;469;5.666666666666667
499;480;25.0
499;495;3.4
499;603;16.0
499;704;16.0
499;499;2.4
766;329;14.0
766;369;4.333333333333333
766;401;2.75
495;219;4.5
495;469;4.0
495;550;21.0
98;921;14.0
98;961;3.3333333333333335
98;488;13.0
921;171;5.666666666666667
921;380;4.0
921;452;6.333333333333333
921;494;4.333333333333333
921;639;16.0
961;452;16.0
488;195;6.333333333333333
488;322;14.0
488;452;4.0
488;739;4.666666666666667
185;850;10.0
185;185;2.0
702;184;6.666666666666667
702;314;4.666666666666667
702;323;16.0
184;196;35.0
184;869;23.0
184;184;2.0
184;630;8.0
591;579;12.0
591;630;15.0
591;591;7.0
323;955;16.0
323;898;5.0
323;630;21.0
314;324;6.0
165;211;17.0
165;792;4.666666666666667
165;849;5.333333333333333
165;726;6.333333333333333
165;423;5.666666666666667
165;749;15.0
165;586;5.166666666666667
201;328;17.0
201;931;16.0
201;201;2.75
201;993;13.0
100;406;4.25
100;798;14.0
100;311;16.0
406;626;4.25
406;831;5.0
798;626;14.0
311;631;15.0
708;540;13.0
708;576;11.0
617;264;18.0
617;768;14.0
102;526;15.0
526;419;17.0
526;424;19.0
526;468;18.0
526;865;7.0
104;896;3.0
104;531;14.0
104;172;7.0
104;612;3.3333333333333335
896;157;15.0
896;172;5.8
896;263;6.5
896;312;2.4
896;564;2.2
531;219;19.0
531;889;4.0
531;904;16.0
531;950;15.0
531;994;13.0
172;157;10.333333333333334
172;362;37.0
172;544;10.333333333333334
172;508;9.666666666666666
172;564;7.25
172;434;10.0
172;784;9.666666666666666
172;312;9.666666666666666
172;950;9.666666666666666
172;284;31.0
172;408;6.6
172;889;6.2
172;612;9.333333333333334
172;534;9.333333333333334
172;509;34.0
172;575;33.0
172;631;31.0
612;245;11.0
612;983;10.0
105;998;11.0
105;976;10.0
998;434;4.0
998;608;4.333333333333333
998;972;9.0
998;998;2.0
976;560;11.0
106;128;8.0
106;802;23.0
106;945;19.0
106;509;7.333333333333333
106;923;21.0
106;619;20.0
106;387;4.4
106;381;18.0
128;752;18.0
128;762;4.25
128;387;3.4
128;521;6.666666666666667
128;396;20.0
128;886;5.333333333333333
802;521;5.666666666666667
945;274;14.0
945;509;14.0
509;636;18.0
923;377;14.0
923;381;11.0
923;396;5.0
923;521;17.0
619;271;15.0
387;170;6.0
387;762;3.75
387;752;16.0
387;396;6.0
381;328;12.0
381;753;13.0
107;399;15.0
107;493;10.0
399;291;16.0
399;300;10.333333333333334
399;466;15.0
493;409;14.0
493;524;13.0
108;291;15.0
108;309;15.0
108;466;13.0
108;354;13.0
291;466;14.0
309;563;26.0
309;934;14.0
309;376;22.0
466;541;18.0
466;587;18.0
354;195;6.666666666666667
354;236;11.0
354;464;13.0
354;856;15.0
110;397;5.0
110;550;5.0
397;688;14.0
397;875;5.333333333333333
550;403;21.0
550;688;3.5
550;875;5.666666666666667
282;241;13.0
282;767;3.3333333333333335
594;247;3.6666666666666665
594;334;4.5
594;386;14.0
594;592;3.25
119;403;4.666666666666667
400;812;16.0
690;435;4.0
690;442;12.0
435;812;15.0
444;520;19.0
675;341;4.0
675;573;4.0
620;865;5.333333333333333
521;328;17.0
521;521;1.8333333333333333
521;753;17.0
521;886;2.6
521;908;20.0
521;629;5.666666666666667
396;753;17.0
886;629;4.333333333333333
762;170;3.5
571;300;33.0
571;376;21.0
571;563;26.0
403;292;6.333333333333333
403;899;5.333333333333333
811;284;15.0
811;290;15.0
811;369;14.0
811;558;12.0
811;562;13.0
861;432;3.6666666666666665
739;171;6.333333333333333
739;195;21.0
739;236;5.0
739;326;5.333333333333333
739;380;4.333333333333333
739;432;5.666666666666667
739;452;6.333333333333333
639;195;23.0
639;326;4.666666666666667
639;417;15.0
639;856;5.666666666666667
639;639;2.25
563;232;26.0
563;301;24.0
563;319;8.666666666666666
563;375;8.666666666666666
563;376;27.0
563;409;27.0
563;940;23.0
563;892;22.0
563;816;23.0
563;883;6.666666666666667
319;300;32.0
319;411;6.333333333333333
319;668;18.0
319;883;3.25
560;598;13.0
560;969;11.0
741;407;16.0
741;543;14.0
717;274;12.0
842;224;8.0
558;494;12.0
179;170;17.0
179;814;13.0
179;179;9.0
179;401;15.0
179;853;14.0
329;257;16.0
329;977;17.0
329;723;12.0
257;146;5.333333333333333
257;257;1.3
257;814;5.333333333333333
257;562;4.0
257;905;19.0
257;853;4.0
369;271;5.333333333333333
369;401;4.666666666666667
125;865;3.4
865;538;5.0
865;635;19.0
126;219;18.0
126;485;14.0
219;590;4.5
219;469;5.333333333333333
219;457;19.0
219;480;7.666666666666667
219;219;1.375
485;554;3.6666666666666665
485;485;1.75
752;259;18.0
752;274;15.0
752;401;14.0
130;386;14.0
130;130;2.6666666666666665
130;476;4.333333333333333
130;247;13.0
130;722;4.333333333333333
386;334;21.0
386;855;13.0
386;502;13.0
476;337;14.0
476;372;14.0
476;722;4.333333333333333
247;925;14.0
247;497;14.0
247;334;7.0
247;592;2.6
722;255;4.0
722;334;4.0
722;502;4.333333333333333
722;584;17.0
722;592;5.0
463;252;22.0
463;293;6.0
463;378;14.0
463;714;5.333333333333333
463;587;19.0
132;928;21.0
132;376;28.0
132;669;16.0
132;573;3.8
132;941;17.0
132;303;18.0
132;180;22.0
132;137;6.333333333333333
928;367;13.0
928;407;4.333333333333333
376;541;26.0
376;892;17.0
376;668;22.0
573;137;3.75
941;546;3.0
303;137;12.0
303;546;3.0
303;733;11.0
180;624;4.0
137;341;15.0
137;809;15.0
137;733;13.0
133;316;5.333333333333333
133;280;18.0
133;982;20.0
316;533;4.333333333333333
280;267;14.0
280;963;14.0
982;263;29.0
982;510;13.0
982;603;12.0
767;554;11.0
136;447;13.0
136;869;13.0
869;299;13.0
869;486;10.0
341;904;15.0
809;417;3.0
809;546;3.0
733;417;12.0
733;584;15.0
726;164;7.333333333333333
726;168;6.666666666666667
726;206;4.75
726;252;5.0
726;305;4.4
726;336;9.75
726;423;6.666666666666667
726;459;6.333333333333333
726;586;3.0
267;360;4.666666666666667
267;625;3.0
625;360;2.0
625;899;3.0
625;625;1.0
240;926;15.0
240;328;13.0
324;245;17.0
442;155;15.0
442;196;23.0
442;274;16.0
186;161;5.0
186;234;4.333333333333333
423;252;7.666666666666667
423;293;6.666666666666667
423;336;12.666666666666666
423;377;5.666666666666667
423;792;5.333333333333333
423;837;16.0
423;586;3.4444444444444446
149;421;4.666666666666667
149;149;1.125
149;829;4.0
829;297;15.0
925;150;13.0
925;480;21.0
297;421;3.4
297;750;15.0
297;840;17.0
297;815;2.4
297;899;19.0
576;576;1.2857142857142858
576;692;11.0
614;337;11.0
614;590;14.0
614;614;5.0
409;300;31.0
409;349;14.0
409;668;18.0
409;632;19.0
248;353;18.0
759;468;2.75
759;648;4.0
146;271;14.0
146;401;12.0
146;440;17.0
271;853;14.0
440;252;24.0
440;336;12.666666666666666
440;545;21.0
440;849;17.0
440;956;20.0
440;714;6.666666666666667
440;459;19.0
148;259;5.333333333333333
148;524;4.333333333333333
148;283;14.0
148;537;4.333333333333333
148;427;4.0
148;575;14.0
259;241;5.333333333333333
259;384;4.75
259;891;5.0
259;832;5.0
259;912;4.333333333333333
259;270;6.666666666666667
259;575;16.0
259;427;3.142857142857143
524;288;8.0
524;427;4.2
524;537;4.0
524;524;1.8
524;908;15.0
524;548;16.0
283;241;14.0
283;908;16.0
283;288;25.0
283;839;10.0
537;270;5.0
537;288;8.0
537;427;2.7142857142857144
537;908;15.0
537;537;1.2857142857142858
537;763;3.3333333333333335
427;228;5.25
427;241;7.333333333333333
427;270;3.0
427;288;2.8
427;658;4.2
427;832;4.75
427;891;3.8
427;763;4.5
575;288;8.666666666666666
575;548;5.666666666666667
575;912;11.0
575;575;3.0
421;862;14.0
421;989;13.0
421;815;4.0
150;480;21.0
480;192;24.0
480;380;22.0
480;469;20.0
480;590;4.4
480;721;20.0
407;743;12.0
862;245;13.0
875;161;5.333333333333333
538;161;21.0
154;166;3.5
154;305;27.0
154;734;21.0
154;932;7.333333333333333
154;377;23.0
154;225;24.0
154;849;23.0
154;192;22.0
154;206;25.0
154;168;24.0
154;956;8.666666666666666
154;336;13.0
166;164;4.25
166;287;3.75
166;932;2.8
166;956;3.2
166;336;6.333333333333333
305;192;20.0
305;206;6.0
305;252;8.0
305;293;23.0
305;792;19.0
305;545;24.0
305;680;19.0
305;336;12.666666666666666
734;224;10.0
734;336;12.333333333333334
734;586;10.0
932;164;6.0
932;168;5.666666666666667
932;192;5.0
932;336;12.666666666666666
932;430;17.0
932;586;7.75
377;336;12.333333333333334
377;680;13.0
377;586;7.75
377;543;15.0
225;168;5.333333333333333
225;586;4.285714285714286
225;459;5.333333333333333
225;336;12.0
225;373;4.0
225;587;19.0
225;252;6.666666666666667
225;492;18.0
849;168;5.0
849;252;6.0
849;336;12.0
849;545;6.0
849;586;4.142857142857143
192;287;5.333333333333333
192;336;12.333333333333334
192;469;16.0
192;586;6.4
206;837;16.0
206;586;4.571428571428571
206;545;6.666666666666667
206;792;5.333333333333333
206;687;15.0
206;336;12.0
206;252;7.0
168;586;3.875
168;680;5.333333333333333
168;336;12.0
168;252;6.666666666666667
956;164;6.666666666666667
956;310;18.0
956;336;12.333333333333334
956;373;14.0
956;545;21.0
956;587;20.0
956;631;17.0
336;252;12.666666666666666
336;287;12.333333333333334
336;293;38.0
336;310;38.0
336;792;12.333333333333334
336;837;36.0
336;587;40.0
336;545;12.333333333333334
336;373;11.666666666666666
336;680;11.666666666666666
336;714;13.0
336;586;2.625
336;459;12.0
336;336;1.3461538461538463
336;611;40.0
155;740;15.0
155;196;24.0
155;419;14.0
196;705;7.333333333333333
196;926;7.666666666666667
156;548;20.0
156;583;15.0
156;931;16.0
156;805;15.0
548;228;15.0
548;270;19.0
548;288;5.75
548;908;17.0
548;658;16.0
548;839;4.333333333333333
548;692;13.0
583;452;17.0
583;464;14.0
583;782;9.0
583;957;11.0
805;367;3.6666666666666665
805;626;12.0
805;630;15.0
157;904;15.0
157;263;27.0
157;157;2.75
157;544;14.0
157;916;15.0
157;452;22.0
157;889;4.25
904;263;26.0
904;284;15.0
904;544;14.0
904;610;14.0
263;508;28.0
263;950;27.0
263;635;6.5
263;312;8.333333333333334
263;994;26.0
263;408;4.0
263;544;9.0
263;434;9.333333333333334
263;784;8.666666666666666
263;564;8.666666666666666
263;608;5.6
263;284;8.666666666666666
263;486;8.0
263;263;1.5333333333333334
544;408;2.2857142857142856
544;411;18.0
544;916;4.333333333333333
916;372;14.0
916;408;4.25
916;508;13.0
916;534;13.0
452;195;6.25
452;380;5.333333333333333
452;856;22.0
889;351;7.333333333333333
889;434;3.75
889;608;3.0
889;657;6.0
161;161;1.5714285714285714
161;234;3.0
161;238;5.333333333333333
238;232;14.0
972;624;10.0
164;792;6.0
164;310;18.0
164;164;1.7142857142857142
164;586;8.25
164;195;27.0
164;714;19.0
164;994;16.0
792;586;4.142857142857143
310;293;5.666666666666667
310;680;5.0
310;714;16.0
310;586;10.666666666666666
586;252;3.2
586;287;5.0
586;293;6.4
586;373;7.25
586;459;4.285714285714286
586;545;4.857142857142857
195;171;8.0
195;236;21.0
195;887;6.333333333333333
195;326;21.0
195;494;7.0
195;863;5.666666666666667
195;765;6.0
195;891;22.0
195;322;4.0
714;287;17.0
714;293;5.666666666666667
994;952;12.0
211;795;12.0
211;704;12.0
211;603;13.0
749;378;12.0
749;415;16.0
287;252;7.0
287;430;17.0
287;545;6.666666666666667
680;587;17.0
252;252;1.3636363636363635
252;648;23.0
301;300;7.0
301;668;3.75
170;629;16.0
170;721;13.0
170;293;20.0
629;629;1.8
721;606;10.0
293;837;15.0
293;459;6.0
171;171;1.4444444444444444
171;494;4.0
171;380;5.0
171;856;6.666666666666667
171;863;14.0
856;464;5.666666666666667
863;322;3.6666666666666665
362;949;4.0
362;799;5.0
508;827;12.0
434;534;13.0
434;608;2.8
784;224;11.0
784;284;13.0
784;408;4.0
312;351;21.0
950;534;3.6666666666666665
950;541;19.0
284;635;3.5
408;635;3.2
408;983;17.0
408;486;3.5
189;189;5.0
626;299;4.333333333333333
831;337;11.0
322;765;3.6666666666666665
322;887;4.0
322;326;16.0
658;228;3.6666666666666665
658;288;8.0
658;384;18.0
658;891;3.6666666666666665
814;562;2.0
814;610;13.0
853;562;4.0
624;292;5.666666666666667
533;431;4.333333333333333
451;300;36.0
451;351;22.0
451;952;18.0
451;743;16.0
451;867;15.0
540;375;4.25
540;668;18.0
540;892;14.0
540;632;6.0
892;411;4.666666666666667
668;300;9.333333333333334
934;300;27.0
934;411;14.0
934;541;17.0
300;255;30.0
300;424;7.25
300;940;30.0
300;736;8.666666666666666
300;349;28.0
300;500;9.0
300;541;10.666666666666666
736;424;4.0
736;636;14.0
469;795;14.0
469;901;11.0
648;468;4.333333333333333
648;845;4.333333333333333
648;977;16.0
648;969;14.0
598;969;4.0
236;464;4.666666666666667
887;432;12.0
887;464;13.0
326;957;14.0
765;584;13.0
891;288;8.0
891;384;16.0
926;596;15.0
198;879;12.0
198;958;10.0
198;198;3.0
203;288;27.0
288;228;8.0
288;270;8.0
288;948;23.0
288;288;1.6153846153846154
288;908;24.0
288;832;8.0
288;839;7.333333333333333
590;795;16.0
837;587;16.0
545;292;26.0
545;459;6.0
545;587;22.0
687;246;11.0
405;264;4.0
405;894;2.25
405;905;3.3333333333333335
405;569;2.75
405;405;1.2
795;472;13.0
213;228;17.0
213;636;5.666666666666667
228;415;17.0
228;384;18.0
636;813;13.0
636;738;12.0
611;848;10.0
611;611;1.75
606;457;15.0
606;587;17.0
827;520;14.0
349;813;10.0
457;372;16.0
224;848;9.0
384;241;18.0
384;763;16.0
384;912;3.75
384;839;16.0
384;908;7.0
290;768;15.0
290;985;4.333333333333333
464;245;4.666666666666667
520;596;5.0
520;846;12.0
241;948;11.0
948;270;14.0
246;657;5.333333333333333
246;351;6.333333333333333
246;688;12.0
657;351;2.7142857142857144
657;952;5.333333333333333
657;867;4.333333333333333
657;957;16.0
351;952;6.0
351;867;5.0
351;351;2.142857142857143
351;955;17.0
497;940;12.0
334;255;7.0
334;592;3.3333333333333335
334;372;22.0
334;337;22.0
334;989;20.0
334;502;6.0
334;334;1.8888888888888888
353;799;5.333333333333333
353;949;3.0
360;899;4.333333333333333
292;742;15.0
543;472;15.0
543;977;15.0
725;392;12.0
255;855;10.0
905;264;4.666666666666667
905;394;13.0
905;487;3.3333333333333335
905;569;2.6
832;270;14.0
832;584;16.0
270;908;18.0
270;763;4.333333333333333
699;417;3.0
632;375;3.0
486;486;1.25
264;860;3.6666666666666665
264;844;4.0
264;894;2.6
264;917;4.0
264;487;4.0
264;569;1.7142857142857142
860;569;3.3333333333333335
844;394;9.0
844;569;3.6666666666666665
894;394;3.6666666666666665
894;569;3.25
917;394;9.0
917;569;3.6666666666666665
487;487;1.2
487;569;4.0
985;375;14.0
908;584;20.0
430;951;4.666666666666667
392;951;4.666666666666667
392;738;13.0
432;782;3.6666666666666665
983;983;6.0
337;584;17.0
424;541;19.0
424;500;4.0
940;584;17.0
541;375;6.666666666666667
541;816;17.0
411;816;14.0
883;472;11.0
372;584;17.0
372;502;13.0
989;394;10.0
394;394;2.3333333333333335
